guest,segment,start_hms,end_hms,duration_s,start_sec,end_sec
万千惠,1,00:00:27.5,00:00:29.0,1.4,27.52,28.96
张慧雯,1,00:00:27.5,00:00:29.0,1.4,27.52,28.96
徐梦洁,1,00:00:28.2,00:00:28.5,0.3,28.16,28.48
孙怡,1,00:00:31.0,00:00:34.1,3.0,31.04,34.08
徐梦洁,2,00:00:31.0,00:00:33.0,1.9,31.04,32.96
江语晨,1,00:00:31.0,00:00:33.0,1.9,31.04,32.96
范玮琪,1,00:00:31.0,00:00:33.0,1.9,31.04,32.96
谢楠,1,00:00:35.0,00:00:36.0,1.0,35.04,36.0
孙怡,2,00:00:36.0,00:00:43.5,7.5,36.0,43.52
王濛,1,00:00:49.3,00:00:53.9,4.6,49.28,53.92
黄灿灿,1,00:00:51.8,00:00:53.9,2.1,51.84,53.92
张慧雯,2,00:00:53.9,00:01:00.5,6.6,53.92,60.48
徐梦洁,3,00:00:53.9,00:00:57.4,3.5,53.92,57.44
谢楠,2,00:00:53.9,00:00:59.7,5.8,53.92,59.68
徐梦洁,4,00:00:57.8,00:00:59.2,1.4,57.76,59.2
唐艺昕,1,00:01:03.4,00:01:06.7,3.4,63.36,66.72
徐梦洁,5,00:01:03.4,00:01:06.7,3.4,63.36,66.72
淡淡,1,00:01:03.4,00:01:06.4,3.0,63.36,66.4
黄灿灿,2,00:01:03.4,00:01:06.7,3.4,63.36,66.72
李心洁,1,00:01:06.7,00:01:08.6,1.9,66.72,68.64
淡淡,2,00:01:06.7,00:01:08.6,1.9,66.72,68.64
陈凯琳,1,00:01:06.7,00:01:08.6,1.9,66.72,68.64
唐艺昕,2,00:01:08.6,00:01:11.5,2.9,68.64,71.52
王濛,2,00:01:11.5,00:01:20.3,8.8,71.52,80.32
曾佩慈,1,00:01:12.2,00:01:20.3,8.2,72.16,80.32
李小冉,1,00:01:20.3,00:01:21.8,1.4,80.32,81.76
徐洁儿,1,00:01:21.8,00:01:26.4,4.6,81.76,86.4
王濛,3,00:01:21.8,00:01:26.2,4.5,81.76,86.24
阚清子,1,00:01:21.8,00:01:23.0,1.3,81.76,83.04
阚清子,2,00:01:23.4,00:01:24.5,1.1,83.36,84.48
阚清子,3,00:01:24.6,00:01:25.4,0.8,84.64,85.44
阚清子,4,00:01:25.9,00:01:26.4,0.5,85.92,86.4
黄灿灿,3,00:02:28.5,00:02:32.2,3.7,148.48,152.16
黄灿灿,4,00:02:34.1,00:02:37.1,3.0,154.08,157.12
王濛,4,00:02:37.4,00:02:39.5,2.1,157.44,159.52
黄灿灿,5,00:02:37.4,00:02:40.2,2.7,157.44,160.16
王濛,5,00:02:40.2,00:02:41.4,1.3,160.16,161.44
王濛,6,00:02:41.8,00:02:44.2,2.4,161.76,164.16
王濛,7,00:02:47.0,00:02:55.7,8.6,167.04,175.68
黄灿灿,6,00:02:55.7,00:02:57.9,2.2,175.68,177.92
王濛,8,00:02:57.9,00:03:14.1,16.2,177.92,194.08
曾佩慈,2,00:03:05.6,00:03:14.1,8.5,185.6,194.08
黄灿灿,7,00:03:14.1,00:03:16.6,2.6,194.08,196.64
王濛,9,00:03:16.6,00:03:25.1,8.5,196.64,205.12
黄灿灿,8,00:03:25.1,00:03:26.4,1.3,205.12,206.4
王濛,10,00:03:26.4,00:03:37.9,11.5,206.4,217.92
张月,1,00:03:41.3,00:03:45.0,3.7,221.28,224.96
张月,2,00:03:45.1,00:03:46.4,1.3,225.12,226.4
张月,3,00:03:49.4,00:04:06.6,17.1,229.44,246.56
陈瑶,1,00:03:52.5,00:03:58.7,6.2,232.48,238.72
陈瑶,2,00:04:01.1,00:04:19.2,18.1,241.12,259.2
张月,4,00:04:06.7,00:04:53.1,46.4,246.72,293.12
陈瑶,3,00:04:19.4,00:04:35.0,15.7,259.36,275.04
张月,5,00:04:54.6,00:04:56.6,2.1,294.56,296.64
张月,6,00:04:58.9,00:05:15.7,16.8,298.88,315.68
陈瑶,4,00:05:09.4,00:05:26.2,16.8,309.44,326.24
张月,7,00:05:16.5,00:05:17.8,1.3,316.48,317.76
张月,8,00:05:19.7,00:05:28.8,9.1,319.68,328.8
张月,9,00:05:31.2,00:05:31.5,0.3,331.2,331.52
陈瑶,5,00:05:31.2,00:05:41.3,10.1,331.2,341.28
张月,10,00:05:41.9,00:05:45.8,3.8,341.92,345.76
陈瑶,6,00:05:46.9,00:05:50.9,4.0,346.88,350.88
张月,11,00:05:49.0,00:05:53.0,4.0,348.96,352.96
陈瑶,7,00:05:53.0,00:06:05.4,12.5,352.96,365.44
张月,12,00:05:55.4,00:06:01.9,6.6,355.36,361.92
张月,13,00:06:03.5,00:06:10.6,7.0,363.52,370.56
陈瑶,8,00:06:07.2,00:06:20.2,13.0,367.2,380.16
张月,14,00:06:14.4,00:06:18.7,4.3,374.4,378.72
张月,15,00:06:19.2,00:06:21.8,2.6,379.2,381.76
陈瑶,9,00:06:20.3,00:06:24.5,4.2,380.32,384.48
张月,16,00:06:24.5,00:06:41.1,16.6,384.48,401.12
陈瑶,10,00:06:28.3,00:06:38.7,10.4,388.32,398.72
陈瑶,11,00:06:41.1,00:06:44.0,2.9,401.12,404.0
张月,17,00:06:44.0,00:06:58.1,14.1,404.0,418.08
陈瑶,12,00:06:53.6,00:06:59.5,5.9,413.6,419.52
张月,18,00:06:59.5,00:07:01.4,1.9,419.52,421.44
张月,19,00:07:01.6,00:07:02.2,0.6,421.6,422.24
陈瑶,13,00:07:02.2,00:07:06.6,4.3,422.24,426.56
张月,20,00:07:02.9,00:07:06.6,3.7,422.88,426.56
徐洁儿,2,00:07:13.0,00:07:30.4,17.4,432.96,450.4
李小冉,2,00:07:13.0,00:07:17.0,4.0,432.96,436.96
阚清子,5,00:07:13.0,00:07:30.4,17.4,432.96,450.4
李小冉,3,00:07:17.3,00:07:17.4,0.2,437.28,437.44
李小冉,4,00:07:17.6,00:07:18.9,1.3,437.6,438.88
李小冉,5,00:07:20.2,00:07:20.5,0.3,440.16,440.48
李小冉,6,00:07:20.6,00:07:21.3,0.6,440.64,441.28
李小冉,7,00:07:21.8,00:07:30.2,8.5,441.76,450.24
王濛,11,00:07:25.8,00:07:25.9,0.2,445.76,445.92
王濛,12,00:07:30.4,00:07:33.0,2.6,450.4,452.96
徐洁儿,3,00:07:33.0,00:07:33.3,0.3,452.96,453.28
阚清子,6,00:07:33.0,00:07:34.7,1.8,452.96,454.72
王濛,13,00:07:33.1,00:07:33.3,0.2,453.12,453.28
王濛,14,00:07:33.6,00:07:33.8,0.2,453.6,453.76
王濛,15,00:07:34.7,00:07:38.2,3.5,454.72,458.24
徐洁儿,4,00:07:35.5,00:07:38.2,2.7,455.52,458.24
王濛,16,00:07:39.2,00:07:40.5,1.3,459.2,460.48
徐洁儿,5,00:07:40.5,00:07:41.9,1.4,460.48,461.92
王濛,17,00:07:41.9,00:07:42.4,0.5,461.92,462.4
王濛,18,00:07:42.6,00:07:43.0,0.5,462.56,463.04
王濛,19,00:07:43.4,00:07:44.0,0.6,463.36,464.0
王濛,20,00:07:44.2,00:07:44.8,0.6,464.16,464.8
徐洁儿,6,00:07:45.0,00:07:48.8,3.8,464.96,468.8
王濛,21,00:07:45.0,00:07:45.1,0.2,464.96,465.12
王濛,22,00:07:45.4,00:07:46.4,1.0,465.44,466.4
王濛,23,00:07:46.7,00:07:49.1,2.4,466.72,469.12
徐洁儿,7,00:07:49.1,00:07:50.2,1.1,469.12,470.24
阚清子,7,00:07:49.1,00:07:50.2,1.1,469.12,470.24
王濛,24,00:07:51.0,00:07:52.3,1.3,471.04,472.32
王濛,25,00:07:54.9,00:07:55.0,0.2,474.88,475.04
王濛,26,00:07:55.2,00:07:57.1,1.9,475.2,477.12
王濛,27,00:07:57.6,00:07:58.2,0.6,477.6,478.24
李小冉,8,00:07:58.1,00:07:59.4,1.3,478.08,479.36
阚清子,8,00:07:58.2,00:07:59.4,1.1,478.24,479.36
徐洁儿,8,00:08:04.8,00:08:11.2,6.4,484.8,491.2
李小冉,9,00:08:04.8,00:08:05.3,0.5,484.8,485.28
阚清子,9,00:08:04.8,00:08:09.6,4.8,484.8,489.6
王濛,28,00:08:05.3,00:08:06.9,1.6,485.28,486.88
李小冉,10,00:08:06.6,00:08:11.2,4.6,486.56,491.2
王濛,29,00:08:09.4,00:08:11.2,1.8,489.44,491.2
阚清子,10,00:08:10.2,00:08:11.2,1.0,490.24,491.2
徐洁儿,9,00:08:15.7,00:08:18.1,2.4,495.68,498.08
徐洁儿,10,00:08:26.6,00:08:30.1,3.5,506.56,510.08
王濛,30,00:08:26.6,00:08:30.1,3.5,506.56,510.08
阚清子,11,00:08:26.6,00:08:33.8,7.2,506.56,513.76
徐洁儿,11,00:08:34.2,00:08:34.7,0.5,514.24,514.72
徐洁儿,12,00:08:35.2,00:08:35.5,0.3,515.2,515.52
徐洁儿,13,00:08:36.2,00:08:36.5,0.3,516.16,516.48
徐洁儿,14,00:08:37.1,00:08:37.4,0.3,517.12,517.44
徐洁儿,15,00:08:38.2,00:08:55.2,17.0,518.24,535.2
王濛,31,00:08:38.6,00:09:00.6,22.1,518.56,540.64
阚清子,12,00:08:38.6,00:08:54.7,16.2,518.56,534.72
阚清子,13,00:08:55.4,00:08:58.2,2.9,535.36,538.24
徐洁儿,16,00:08:56.3,00:08:57.9,1.6,536.32,537.92
王濛,32,00:09:01.3,00:09:02.9,1.6,541.28,542.88
阚清子,14,00:09:01.3,00:09:04.3,3.0,541.28,544.32
徐洁儿,17,00:09:01.4,00:09:02.9,1.4,541.44,542.88
李小冉,11,00:09:02.9,00:09:04.3,1.4,542.88,544.32
李小冉,12,00:09:07.0,00:09:11.0,4.0,547.04,551.04
阚清子,15,00:09:11.0,00:09:14.1,3.0,551.04,554.08
阚清子,16,00:09:16.3,00:09:20.0,3.7,556.32,560.0
李小冉,13,00:09:20.0,00:09:21.8,1.8,560.0,561.76
徐洁儿,18,00:09:21.8,00:09:26.2,4.5,561.76,566.24
王濛,33,00:09:21.8,00:09:26.1,4.3,561.76,566.08
阚清子,17,00:09:21.8,00:09:22.9,1.1,561.76,562.88
阚清子,18,00:09:23.4,00:09:24.3,1.0,563.36,564.32
阚清子,19,00:09:24.6,00:09:25.3,0.6,564.64,565.28
阚清子,20,00:09:25.9,00:09:35.2,9.3,565.92,575.2
徐洁儿,19,00:09:29.1,00:09:35.2,6.1,569.12,575.2
李小冉,14,00:09:29.1,00:09:31.7,2.6,569.12,571.68
王濛,34,00:09:29.1,00:09:32.3,3.2,569.12,572.32
李小冉,15,00:09:33.8,00:09:35.2,1.4,573.76,575.2
徐洁儿,20,00:09:37.3,00:09:51.7,14.4,577.28,591.68
李小冉,16,00:09:37.3,00:09:49.4,12.2,577.28,589.44
阚清子,21,00:09:37.3,00:09:51.7,14.4,577.28,591.68
王濛,35,00:09:48.6,00:09:55.4,6.7,588.64,595.36
王濛,36,00:09:55.5,00:09:55.7,0.2,595.52,595.68
王濛,37,00:09:56.2,00:10:00.6,4.5,596.16,600.64
徐洁儿,21,00:09:57.1,00:10:00.6,3.5,597.12,600.64
李小冉,17,00:09:57.1,00:09:57.8,0.6,597.12,597.76
阚清子,22,00:09:57.1,00:10:00.6,3.5,597.12,600.64
李小冉,18,00:09:58.1,00:10:06.9,8.8,598.08,606.88
徐洁儿,22,00:10:02.1,00:10:04.2,2.1,602.08,604.16
阚清子,23,00:10:02.1,00:10:03.8,1.8,602.08,603.84
徐洁儿,23,00:10:05.1,00:10:05.4,0.3,605.12,605.44
阚清子,24,00:10:05.4,00:10:06.9,1.4,605.44,606.88
王濛,38,00:10:06.9,00:10:14.7,7.8,606.88,614.72
徐洁儿,24,00:10:10.1,00:10:14.1,4.0,610.08,614.08
李小冉,19,00:10:12.6,00:10:15.2,2.6,612.64,615.2
阚清子,25,00:10:13.1,00:10:15.2,2.1,613.12,615.2
徐洁儿,25,00:10:14.7,00:10:17.0,2.2,614.72,616.96
李小冉,20,00:10:17.0,00:10:21.4,4.5,616.96,621.44
阚清子,26,00:10:17.0,00:10:21.9,5.0,616.96,621.92
王濛,39,00:10:20.2,00:10:23.4,3.2,620.16,623.36
李小冉,21,00:10:22.4,00:10:38.1,15.7,622.4,638.08
徐洁儿,26,00:10:22.9,00:10:27.8,5.0,622.88,627.84
阚清子,27,00:10:22.9,00:10:38.1,15.2,622.88,638.08
王濛,40,00:10:38.1,00:10:40.5,2.4,638.08,640.48
徐洁儿,27,00:10:40.5,00:10:43.2,2.7,640.48,643.2
李小冉,22,00:10:43.2,00:10:47.0,3.8,643.2,647.04
王濛,41,00:10:43.2,00:10:47.0,3.8,643.2,647.04
阚清子,28,00:10:43.2,00:10:47.0,3.8,643.2,647.04
徐洁儿,28,00:10:47.0,00:10:48.3,1.3,647.04,648.32
李小冉,23,00:10:48.3,00:10:55.2,6.9,648.32,655.2
王濛,42,00:10:48.3,00:10:55.2,6.9,648.32,655.2
阚清子,29,00:10:48.3,00:10:55.2,6.9,648.32,655.2
徐洁儿,29,00:10:55.2,00:10:57.0,1.8,655.2,656.96
王濛,43,00:10:57.0,00:11:00.8,3.8,656.96,660.8
徐洁儿,30,00:11:02.9,00:11:03.5,0.6,662.88,663.52
李小冉,24,00:11:02.9,00:11:11.2,8.3,662.88,671.2
王濛,44,00:11:02.9,00:11:16.3,13.4,662.88,676.32
徐洁儿,31,00:11:05.3,00:11:05.4,0.2,665.28,665.44
徐洁儿,32,00:11:05.8,00:11:07.7,1.9,665.76,667.68
阚清子,30,00:11:06.4,00:11:07.7,1.3,666.4,667.68
徐洁儿,33,00:11:07.8,00:11:08.0,0.2,667.84,668.0
阚清子,31,00:11:08.0,00:11:11.2,3.2,668.0,671.2
徐洁儿,34,00:11:10.6,00:11:11.2,0.6,670.56,671.2
李小冉,25,00:11:16.0,00:11:17.1,1.1,676.0,677.12
徐洁儿,35,00:11:16.3,00:11:20.6,4.3,676.32,680.64
阚清子,32,00:11:16.3,00:11:17.6,1.3,676.32,677.6
李小冉,26,00:11:17.9,00:11:20.3,2.4,677.92,680.32
阚清子,33,00:11:18.4,00:11:19.0,0.6,678.4,679.04
阚清子,34,00:11:19.2,00:11:19.7,0.5,679.2,679.68
阚清子,35,00:11:20.3,00:11:20.6,0.3,680.32,680.64
王濛,45,00:11:20.6,00:11:24.6,4.0,680.64,684.64
王濛,46,00:11:26.2,00:11:27.4,1.1,686.24,687.36
王濛,47,00:11:27.5,00:11:30.2,2.7,687.52,690.24
徐洁儿,36,00:11:30.6,00:11:32.2,1.6,690.56,692.16
李小冉,27,00:11:30.6,00:11:31.5,1.0,690.56,691.52
阚清子,36,00:11:31.8,00:11:32.5,0.6,691.84,692.48
李小冉,28,00:11:32.2,00:11:32.6,0.5,692.16,692.64
徐洁儿,37,00:11:32.5,00:11:32.6,0.2,692.48,692.64
阚清子,37,00:11:32.6,00:11:35.5,2.9,692.64,695.52
李小冉,29,00:11:33.1,00:11:35.5,2.4,693.12,695.52
徐洁儿,38,00:11:34.2,00:11:34.9,0.6,694.24,694.88
王濛,48,00:11:34.2,00:11:35.5,1.3,694.24,695.52
徐洁儿,39,00:11:35.0,00:11:35.2,0.2,695.04,695.2
徐洁儿,40,00:11:35.4,00:11:37.9,2.6,695.36,697.92
李小冉,30,00:11:37.9,00:11:41.6,3.7,697.92,701.6
王濛,49,00:11:37.9,00:11:41.3,3.4,697.92,701.28
徐洁儿,41,00:11:38.6,00:11:39.7,1.1,698.56,699.68
阚清子,38,00:11:38.9,00:11:41.6,2.7,698.88,701.6
徐洁儿,42,00:11:40.0,00:11:40.3,0.3,700.0,700.32
王濛,50,00:11:41.6,00:11:45.0,3.4,701.6,704.96
阚清子,39,00:11:42.9,00:11:47.5,4.6,702.88,707.52
李小冉,31,00:11:43.8,00:11:44.0,0.2,703.84,704.0
徐洁儿,43,00:11:44.2,00:12:01.4,17.3,704.16,721.44
李小冉,32,00:11:44.2,00:12:01.9,17.8,704.16,721.92
王濛,51,00:11:46.7,00:11:49.8,3.0,706.72,709.76
阚清子,40,00:11:47.7,00:11:48.0,0.3,707.68,708.0
阚清子,41,00:11:51.5,00:11:53.8,2.2,711.52,713.76
阚清子,42,00:11:53.9,00:11:58.1,4.2,713.92,718.08
阚清子,43,00:12:01.3,00:12:03.8,2.6,721.28,723.84
王濛,52,00:12:01.4,00:12:05.1,3.7,721.44,725.12
徐洁儿,44,00:12:02.9,00:12:03.0,0.2,722.88,723.04
徐洁儿,45,00:12:03.5,00:12:04.3,0.8,723.52,724.32
徐洁儿,46,00:12:04.6,00:12:04.8,0.2,724.64,724.8
徐洁儿,47,00:12:05.0,00:12:05.1,0.2,724.96,725.12
李小冉,33,00:12:09.9,00:12:20.0,10.1,729.92,740.0
阚清子,44,00:12:09.9,00:12:21.9,12.0,729.92,741.92
徐洁儿,48,00:12:16.8,00:12:21.4,4.6,736.8,741.44
王濛,53,00:12:18.6,00:12:19.8,1.3,738.56,739.84
阚清子,45,00:12:22.1,00:12:22.4,0.3,742.08,742.4
阚清子,46,00:12:24.2,00:12:25.1,1.0,744.16,745.12
李小冉,34,00:12:25.1,00:12:28.0,2.9,745.12,748.0
萧蔷,1,00:12:30.4,00:12:30.7,0.3,750.4,750.72
温峥嵘,1,00:12:30.7,00:12:31.2,0.5,750.72,751.2
安崎,1,00:12:33.0,00:12:34.4,1.4,752.96,754.4
庄法,1,00:12:33.0,00:12:34.6,1.6,752.96,754.56
安崎,2,00:12:34.6,00:12:34.7,0.2,754.56,754.72
安崎,3,00:12:35.2,00:12:36.8,1.6,755.2,756.8
庄法,2,00:12:35.2,00:12:37.1,1.9,755.2,757.12
安崎,4,00:12:37.3,00:12:37.9,0.6,757.28,757.92
庄法,3,00:12:37.4,00:12:39.7,2.2,757.44,759.68
安崎,5,00:12:38.4,00:12:39.7,1.3,758.4,759.68
温峥嵘,2,00:12:38.6,00:12:39.8,1.3,758.56,759.84
萧蔷,2,00:12:39.2,00:12:39.5,0.3,759.2,759.52
萧蔷,3,00:12:39.7,00:12:45.3,5.6,759.68,765.28
庄法,4,00:12:39.8,00:12:44.3,4.5,759.84,764.32
温峥嵘,3,00:12:40.0,00:13:08.8,28.8,760.0,788.8
安崎,6,00:12:41.3,00:12:41.8,0.5,761.28,761.76
安崎,7,00:12:43.2,00:12:44.0,0.8,763.2,764.0
萧蔷,4,00:12:45.4,00:12:45.8,0.3,765.44,765.76
萧蔷,5,00:12:45.9,00:12:47.7,1.8,765.92,767.68
庄法,5,00:12:46.6,00:12:46.7,0.2,766.56,766.72
庄法,6,00:12:47.0,00:12:47.2,0.2,767.04,767.2
庄法,7,00:12:48.0,00:12:48.2,0.2,768.0,768.16
安崎,8,00:12:48.5,00:12:56.5,8.0,768.48,776.48
庄法,8,00:12:48.5,00:12:50.6,2.1,768.48,770.56
萧蔷,6,00:12:56.5,00:13:04.0,7.5,776.48,784.0
庄法,9,00:13:04.0,00:13:07.0,3.0,784.0,787.04
庄法,10,00:13:07.5,00:13:08.3,0.8,787.52,788.32
萧蔷,7,00:13:08.8,00:13:15.0,6.2,788.8,795.04
温峥嵘,4,00:13:20.0,00:13:20.5,0.5,800.0,800.48
萧蔷,8,00:13:20.0,00:13:26.6,6.6,800.0,806.56
温峥嵘,5,00:13:26.2,00:13:39.2,13.0,806.24,819.2
萧蔷,9,00:13:26.7,00:13:27.4,0.6,806.72,807.36
萧蔷,10,00:13:27.5,00:13:34.7,7.2,807.52,814.72
萧蔷,11,00:13:34.9,00:13:39.0,4.2,814.88,819.04
萧蔷,12,00:13:39.2,00:13:39.4,0.2,819.2,819.36
萧蔷,13,00:13:40.2,00:13:58.7,18.6,820.16,838.72
温峥嵘,6,00:13:41.9,00:13:49.0,7.0,821.92,828.96
温峥嵘,7,00:13:50.1,00:13:52.2,2.1,830.08,832.16
温峥嵘,8,00:13:53.8,00:13:54.1,0.3,833.76,834.08
温峥嵘,9,00:13:54.9,00:13:56.3,1.4,834.88,836.32
温峥嵘,10,00:13:56.5,00:14:01.0,4.5,836.48,840.96
萧蔷,14,00:13:58.9,00:14:00.8,1.9,838.88,840.8
温峥嵘,11,00:14:01.1,00:14:04.8,3.7,841.12,844.8
萧蔷,15,00:14:01.1,00:14:09.6,8.5,841.12,849.6
温峥嵘,12,00:14:05.0,00:14:06.7,1.8,844.96,846.72
温峥嵘,13,00:14:06.9,00:14:09.6,2.7,846.88,849.6
安崎,9,00:14:12.6,00:14:13.4,0.8,852.64,853.44
庄法,11,00:14:15.2,00:14:16.5,1.3,855.2,856.48
温峥嵘,14,00:14:15.2,00:14:16.6,1.4,855.2,856.64
萧蔷,16,00:14:15.2,00:14:16.6,1.4,855.2,856.64
庄法,12,00:14:16.6,00:14:24.8,8.2,856.64,864.8
温峥嵘,15,00:14:20.0,00:14:21.0,1.0,860.0,860.96
温峥嵘,16,00:14:21.6,00:14:34.1,12.5,861.6,874.08
萧蔷,17,00:14:21.6,00:14:21.8,0.2,861.6,861.76
萧蔷,18,00:14:22.7,00:14:23.8,1.1,862.72,863.84
萧蔷,19,00:14:24.6,00:14:36.6,12.0,864.64,876.64
庄法,13,00:14:25.0,00:14:25.1,0.2,864.96,865.12
庄法,14,00:14:33.6,00:14:35.8,2.2,873.6,875.84
温峥嵘,17,00:14:34.2,00:14:35.0,0.8,874.24,875.04
温峥嵘,18,00:14:35.4,00:14:35.8,0.5,875.36,875.84
庄法,15,00:14:36.0,00:14:41.8,5.8,876.0,881.76
温峥嵘,19,00:14:36.3,00:14:36.6,0.3,876.32,876.64
萧蔷,20,00:14:37.0,00:14:37.1,0.2,876.96,877.12
温峥嵘,20,00:14:37.1,00:14:41.8,4.6,877.12,881.76
萧蔷,21,00:14:37.4,00:14:42.9,5.4,877.44,882.88
温峥嵘,21,00:14:42.1,00:14:42.2,0.2,882.08,882.24
庄法,16,00:14:42.2,00:14:44.0,1.8,882.24,884.0
温峥嵘,22,00:14:42.4,00:14:42.6,0.2,882.4,882.56
庄法,17,00:14:44.2,00:14:49.3,5.1,884.16,889.28
萧蔷,22,00:14:44.2,00:14:45.8,1.6,884.16,885.76
温峥嵘,23,00:14:44.5,00:14:45.3,0.8,884.48,885.28
温峥嵘,24,00:14:45.9,00:14:46.2,0.3,885.92,886.24
萧蔷,23,00:14:46.1,00:14:46.9,0.8,886.08,886.88
温峥嵘,25,00:14:46.4,00:14:48.2,1.8,886.4,888.16
庄法,18,00:14:49.4,00:14:49.6,0.2,889.44,889.6
庄法,19,00:14:50.1,00:14:54.1,4.0,890.08,894.08
温峥嵘,26,00:14:50.6,00:14:52.2,1.6,890.56,892.16
庄法,20,00:14:54.4,00:14:54.6,0.2,894.4,894.56
庄法,21,00:14:54.7,00:15:01.4,6.7,894.72,901.44
萧蔷,24,00:14:55.5,00:15:07.8,12.3,895.52,907.84
温峥嵘,27,00:14:56.6,00:14:58.2,1.6,896.64,898.24
温峥嵘,28,00:14:58.7,00:15:00.2,1.4,898.72,900.16
温峥嵘,29,00:15:00.3,00:15:01.8,1.4,900.32,901.76
温峥嵘,30,00:15:02.2,00:15:03.4,1.1,902.24,903.36
安崎,10,00:15:02.9,00:15:03.7,0.8,902.88,903.68
温峥嵘,31,00:15:03.7,00:15:04.8,1.1,903.68,904.8
安崎,11,00:15:04.0,00:15:04.8,0.8,904.0,904.8
曾佩慈,3,00:15:11.7,00:15:24.6,13.0,911.68,924.64
王濛,54,00:15:11.7,00:16:05.0,53.3,911.68,964.96
黄灿灿,9,00:15:11.7,00:15:24.6,13.0,911.68,924.64
曾佩慈,4,00:15:34.1,00:15:51.5,17.4,934.08,951.52
黄灿灿,10,00:15:34.1,00:16:05.0,30.9,934.08,964.96
曾佩慈,5,00:15:51.8,00:16:03.7,11.8,951.84,963.68
曾佩慈,6,00:16:03.8,00:16:04.0,0.2,963.84,964.0
曾佩慈,7,00:16:04.2,00:16:04.5,0.3,964.16,964.48
曾佩慈,8,00:16:04.8,00:16:07.7,2.9,964.8,967.68
黄灿灿,11,00:16:07.7,00:16:10.1,2.4,967.68,970.08
曾佩慈,9,00:16:10.1,00:16:12.2,2.1,970.08,972.16
王濛,55,00:16:10.1,00:16:16.0,5.9,970.08,976.0
黄灿灿,12,00:16:11.0,00:16:14.2,3.2,971.04,974.24
曾佩慈,10,00:16:12.3,00:16:12.5,0.2,972.32,972.48
曾佩慈,11,00:16:12.6,00:16:14.2,1.6,972.64,974.24
王濛,56,00:16:24.6,00:16:26.1,1.4,984.64,986.08
曾佩慈,12,00:16:25.3,00:16:31.8,6.6,985.28,991.84
黄灿灿,13,00:16:25.3,00:16:28.5,3.2,985.28,988.48
王濛,57,00:16:27.7,00:16:32.3,4.6,987.68,992.32
曾佩慈,13,00:16:32.3,00:16:34.6,2.2,992.32,994.56
王濛,58,00:16:33.0,00:16:33.8,0.8,992.96,993.76
王濛,59,00:16:34.6,00:16:42.1,7.5,994.56,1002.08
黄灿灿,14,00:16:34.6,00:16:39.8,5.3,994.56,999.84
曾佩慈,14,00:16:34.7,00:16:44.0,9.3,994.72,1004.0
黄灿灿,15,00:16:40.0,00:16:41.1,1.1,1000.0,1001.12
王濛,60,00:16:42.2,00:16:44.0,1.8,1002.24,1004.0
黄灿灿,16,00:16:44.0,00:16:55.4,11.4,1004.0,1015.36
王濛,61,00:16:44.2,00:16:44.3,0.2,1004.16,1004.32
王濛,62,00:16:44.5,00:16:47.2,2.7,1004.48,1007.2
曾佩慈,15,00:16:45.0,00:16:49.4,4.5,1004.96,1009.44
王濛,63,00:16:49.4,00:16:50.7,1.3,1009.44,1010.72
曾佩慈,16,00:16:53.0,00:16:55.4,2.4,1012.96,1015.36
王濛,64,00:17:04.8,00:17:05.9,1.1,1024.8,1025.92
黄灿灿,17,00:17:05.8,00:17:09.4,3.7,1025.76,1029.44
王濛,65,00:17:06.1,00:17:18.9,12.8,1026.08,1038.88
曾佩慈,17,00:17:06.4,00:17:06.7,0.3,1026.4,1026.72
曾佩慈,18,00:17:07.4,00:17:13.3,5.9,1027.36,1033.28
黄灿灿,18,00:17:11.5,00:17:12.6,1.1,1031.52,1032.64
黄灿灿,19,00:17:12.8,00:17:13.0,0.2,1032.8,1032.96
黄灿灿,20,00:17:13.1,00:17:13.4,0.3,1033.12,1033.44
曾佩慈,19,00:17:16.6,00:17:17.8,1.1,1036.64,1037.76
曾佩慈,20,00:17:18.1,00:17:23.5,5.4,1038.08,1043.52
王濛,66,00:17:20.2,00:17:21.6,1.4,1040.16,1041.6
曾佩慈,21,00:17:24.2,00:17:29.1,5.0,1044.16,1049.12
黄灿灿,21,00:17:24.2,00:17:29.1,5.0,1044.16,1049.12
王濛,67,00:17:31.5,00:17:40.3,8.8,1051.52,1060.32
曾佩慈,22,00:17:31.8,00:17:32.5,0.6,1051.84,1052.48
曾佩慈,23,00:17:32.8,00:17:34.7,1.9,1052.8,1054.72
曾佩慈,24,00:17:35.8,00:17:37.0,1.1,1055.84,1056.96
王濛,68,00:17:41.8,00:17:50.4,8.6,1061.76,1070.4
曾佩慈,25,00:17:44.5,00:17:46.7,2.2,1064.48,1066.72
黄灿灿,22,00:17:44.6,00:17:46.7,2.1,1064.64,1066.72
王濛,69,00:17:50.6,00:17:51.4,0.8,1070.56,1071.36
王濛,70,00:17:52.3,00:17:53.6,1.3,1072.32,1073.6
曾佩慈,26,00:17:59.0,00:18:01.6,2.6,1079.04,1081.6
王濛,71,00:17:59.0,00:18:07.5,8.5,1079.04,1087.52
黄灿灿,23,00:17:59.0,00:18:05.1,6.1,1079.04,1085.12
曾佩慈,27,00:18:02.4,00:18:07.8,5.4,1082.4,1087.84
王濛,72,00:18:15.2,00:18:24.5,9.3,1095.2,1104.48
黄灿灿,24,00:18:15.2,00:18:16.5,1.3,1095.2,1096.48
黄灿灿,25,00:18:17.4,00:18:20.2,2.7,1097.44,1100.16
黄灿灿,26,00:18:20.3,00:18:20.6,0.3,1100.32,1100.64
黄灿灿,27,00:18:20.8,00:18:24.5,3.7,1100.8,1104.48
王濛,73,00:18:24.6,00:18:27.5,2.9,1104.64,1107.52
曾佩慈,28,00:18:27.5,00:18:30.1,2.6,1107.52,1110.08
王濛,74,00:18:30.7,00:18:30.9,0.2,1110.72,1110.88
王濛,75,00:18:33.0,00:18:33.1,0.2,1112.96,1113.12
王濛,76,00:18:33.4,00:18:33.6,0.2,1113.44,1113.6
王濛,77,00:18:34.1,00:18:34.6,0.5,1114.08,1114.56
孙怡,3,00:18:38.2,00:18:39.8,1.6,1118.24,1119.84
江语晨,2,00:18:39.8,00:19:05.0,25.1,1119.84,1144.96
孙怡,4,00:18:42.7,00:19:40.0,57.3,1122.72,1180.0
范玮琪,2,00:18:42.7,00:19:04.8,22.1,1122.72,1144.8
范玮琪,3,00:19:05.1,00:19:20.5,15.4,1145.12,1160.48
江语晨,3,00:19:06.4,00:19:14.7,8.3,1146.4,1154.72
江语晨,4,00:19:18.9,00:19:23.7,4.8,1158.88,1163.68
范玮琪,4,00:19:20.6,00:19:51.4,30.7,1160.64,1191.36
江语晨,5,00:19:24.0,00:19:24.2,0.2,1164.0,1164.16
江语晨,6,00:19:24.3,00:19:42.7,18.4,1164.32,1182.72
孙怡,5,00:19:42.7,00:19:43.0,0.3,1182.72,1183.04
江语晨,7,00:19:43.0,00:19:51.4,8.3,1183.04,1191.36
孙怡,6,00:19:44.8,00:19:46.7,1.9,1184.8,1186.72
孙怡,7,00:19:47.4,00:19:51.4,4.0,1187.36,1191.36
范玮琪,5,00:19:54.7,00:19:58.7,4.0,1194.72,1198.72
孙怡,8,00:19:56.6,00:20:00.2,3.5,1196.64,1200.16
范玮琪,6,00:19:59.0,00:19:59.8,0.8,1199.04,1199.84
江语晨,8,00:19:59.7,00:20:04.8,5.1,1199.68,1204.8
范玮琪,7,00:20:00.2,00:20:02.6,2.4,1200.16,1202.56
孙怡,9,00:20:02.6,00:20:05.0,2.4,1202.56,1204.96
江语晨,9,00:20:05.0,00:20:14.1,9.1,1204.96,1214.08
范玮琪,8,00:20:05.0,00:20:21.0,16.0,1204.96,1220.96
孙怡,10,00:20:14.1,00:20:25.1,11.0,1214.08,1225.12
江语晨,10,00:20:25.1,00:20:26.7,1.6,1225.12,1226.72
范玮琪,9,00:20:25.1,00:20:26.7,1.6,1225.12,1226.72
孙怡,11,00:20:26.7,00:20:29.6,2.9,1226.72,1229.6
江语晨,11,00:20:29.6,00:20:35.5,5.9,1229.6,1235.52
范玮琪,10,00:20:29.6,00:21:04.6,35.0,1229.6,1264.64
孙怡,12,00:20:35.5,00:20:46.7,11.2,1235.52,1246.72
江语晨,12,00:20:46.7,00:20:54.1,7.4,1246.72,1254.08
孙怡,13,00:20:54.1,00:21:04.6,10.6,1254.08,1264.64
江语晨,13,00:21:13.8,00:21:14.6,0.8,1273.76,1274.56
范玮琪,11,00:21:13.8,00:21:16.6,2.9,1273.76,1276.64
江语晨,14,00:21:14.7,00:21:15.0,0.3,1274.72,1275.04
江语晨,15,00:21:15.4,00:21:15.7,0.3,1275.36,1275.68
江语晨,16,00:21:16.0,00:21:16.6,0.6,1276.0,1276.64
孙怡,14,00:21:16.6,00:21:18.2,1.6,1276.64,1278.24
范玮琪,12,00:21:21.0,00:21:26.6,5.6,1280.96,1286.56
孙怡,15,00:21:24.5,00:21:31.2,6.7,1284.48,1291.2
江语晨,17,00:21:31.2,00:21:33.3,2.1,1291.2,1293.28
范玮琪,13,00:21:31.2,00:21:33.3,2.1,1291.2,1293.28
孙怡,16,00:21:33.3,00:21:39.0,5.8,1293.28,1299.04
江语晨,18,00:21:35.5,00:21:37.8,2.2,1295.52,1297.76
范玮琪,14,00:21:35.5,00:21:37.4,1.9,1295.52,1297.44
江语晨,19,00:21:37.9,00:21:50.4,12.5,1297.92,1310.4
范玮琪,15,00:21:39.0,00:21:40.8,1.8,1299.04,1300.8
孙怡,17,00:21:41.4,00:21:47.5,6.1,1301.44,1307.52
范玮琪,16,00:21:41.9,00:21:50.4,8.5,1301.92,1310.4
孙怡,18,00:21:50.4,00:21:52.6,2.2,1310.4,1312.64
江语晨,20,00:21:52.6,00:21:55.5,2.9,1312.64,1315.52
范玮琪,17,00:21:52.6,00:21:55.5,2.9,1312.64,1315.52
孙怡,19,00:21:55.5,00:22:11.2,15.7,1315.52,1331.2
江语晨,21,00:22:11.2,00:22:14.6,3.4,1331.2,1334.56
范玮琪,18,00:22:11.2,00:22:14.6,3.4,1331.2,1334.56
李小冉,35,00:22:17.8,00:22:19.5,1.8,1337.76,1339.52
曾佩慈,29,00:22:19.5,00:22:20.3,0.8,1339.52,1340.32
黄灿灿,28,00:22:19.5,00:22:35.4,15.8,1339.52,1355.36
曾佩慈,30,00:22:21.0,00:22:23.8,2.9,1340.96,1343.84
李心洁,2,00:22:23.0,00:22:26.1,3.0,1343.04,1346.08
曾佩慈,31,00:22:24.3,00:22:26.4,2.1,1344.32,1346.4
徐梦洁,6,00:22:25.8,00:22:33.3,7.5,1345.76,1353.28
李心洁,3,00:22:26.2,00:22:29.4,3.2,1346.24,1349.44
曾佩慈,32,00:22:26.7,00:22:30.1,3.4,1346.72,1350.08
李小冉,36,00:22:28.5,00:22:28.8,0.3,1348.48,1348.8
李小冉,37,00:22:29.0,00:22:31.2,2.2,1348.96,1351.2
曾佩慈,33,00:22:31.2,00:22:34.6,3.4,1351.2,1354.56
李心洁,4,00:22:31.2,00:22:35.5,4.3,1351.2,1355.52
陈凯琳,2,00:22:31.5,00:22:35.5,4.0,1351.52,1355.52
曾佩慈,34,00:22:35.5,00:22:47.0,11.5,1355.52,1367.04
唐艺昕,3,00:22:36.6,00:22:37.6,1.0,1356.64,1357.6
黄灿灿,29,00:22:37.0,00:22:37.3,0.3,1356.96,1357.28
黄灿灿,30,00:22:37.4,00:22:37.6,0.2,1357.44,1357.6
唐艺昕,4,00:22:38.1,00:22:38.9,0.8,1358.08,1358.88
黄灿灿,31,00:22:38.1,00:22:38.2,0.2,1358.08,1358.24
黄灿灿,32,00:22:38.4,00:22:38.7,0.3,1358.4,1358.72
黄灿灿,33,00:22:39.0,00:22:39.4,0.3,1359.04,1359.36
唐艺昕,5,00:22:42.4,00:22:43.2,0.8,1362.4,1363.2
唐艺昕,6,00:22:43.4,00:22:45.0,1.6,1363.36,1364.96
李心洁,5,00:22:45.0,00:22:47.4,2.4,1364.96,1367.36
李小冉,38,00:22:46.4,00:22:47.8,1.4,1366.4,1367.84
曾佩慈,35,00:22:47.2,00:22:47.7,0.5,1367.2,1367.68
李心洁,6,00:22:47.5,00:22:49.8,2.2,1367.52,1369.76
唐艺昕,7,00:22:49.1,00:22:50.2,1.1,1369.12,1370.24
曾佩慈,36,00:22:49.8,00:22:57.0,7.2,1369.76,1376.96
李心洁,7,00:22:50.1,00:22:50.7,0.6,1370.08,1370.72
李心洁,8,00:22:52.0,00:22:54.6,2.6,1372.0,1374.56
黄灿灿,34,00:22:54.6,00:22:57.1,2.6,1374.56,1377.12
李心洁,9,00:22:57.1,00:23:04.8,7.7,1377.12,1384.8
曾佩慈,37,00:23:00.5,00:23:01.6,1.1,1380.48,1381.6
黄灿灿,35,00:23:01.6,00:23:01.9,0.3,1381.6,1381.92
黄灿灿,36,00:23:03.0,00:23:08.0,5.0,1383.04,1388.0
黄灿灿,37,00:23:08.5,00:23:10.1,1.6,1388.48,1390.08
唐艺昕,8,00:23:08.8,00:23:09.3,0.5,1388.8,1389.28
李心洁,10,00:23:08.8,00:23:10.1,1.3,1388.8,1390.08
李心洁,11,00:23:10.2,00:23:14.2,4.0,1390.24,1394.24
黄灿灿,38,00:23:10.2,00:23:14.1,3.8,1390.24,1394.08
黄灿灿,39,00:23:14.2,00:23:20.2,5.9,1394.24,1400.16
李心洁,12,00:23:14.4,00:23:20.2,5.8,1394.4,1400.16
何宣林,1,00:23:20.2,00:23:22.7,2.6,1400.16,1402.72
徐梦洁,7,00:23:20.2,00:23:26.7,6.6,1400.16,1406.72
陈凯琳,3,00:23:21.8,00:23:22.7,1.0,1401.76,1402.72
唐艺昕,9,00:23:22.7,00:23:25.1,2.4,1402.72,1405.12
何宣林,2,00:23:26.7,00:23:28.3,1.6,1406.72,1408.32
曾佩慈,38,00:23:26.7,00:23:28.3,1.6,1406.72,1408.32
李小冉,39,00:23:26.7,00:23:27.8,1.1,1406.72,1407.84
李心洁,13,00:23:26.7,00:23:28.3,1.6,1406.72,1408.32
唐艺昕,10,00:23:28.3,00:23:38.4,10.1,1408.32,1418.4
徐梦洁,8,00:23:28.3,00:23:38.4,10.1,1408.32,1418.4
曾佩慈,39,00:23:29.3,00:23:29.4,0.2,1409.28,1409.44
何宣林,3,00:23:29.9,00:23:35.7,5.8,1409.92,1415.68
曾佩慈,40,00:23:29.9,00:23:35.7,5.8,1409.92,1415.68
李小冉,40,00:23:29.9,00:23:35.7,5.8,1409.92,1415.68
李心洁,14,00:23:29.9,00:23:35.7,5.8,1409.92,1415.68
陈凯琳,4,00:23:29.9,00:23:38.4,8.5,1409.92,1418.4
黄灿灿,40,00:23:29.9,00:23:38.4,8.5,1409.92,1418.4
何宣林,4,00:23:38.4,00:23:40.6,2.2,1418.4,1420.64
曾佩慈,41,00:23:38.4,00:23:43.5,5.1,1418.4,1423.52
李小冉,41,00:23:38.4,00:23:43.5,5.1,1418.4,1423.52
李心洁,15,00:23:39.4,00:23:40.2,0.8,1419.36,1420.16
李心洁,16,00:23:40.6,00:23:42.9,2.2,1420.64,1422.88
何宣林,5,00:23:41.1,00:23:43.5,2.4,1421.12,1423.52
唐艺昕,11,00:23:43.5,00:23:46.1,2.6,1423.52,1426.08
李小冉,42,00:23:46.1,00:23:49.0,2.9,1426.08,1428.96
李心洁,17,00:23:46.1,00:23:49.0,2.9,1426.08,1428.96
何宣林,6,00:23:49.0,00:23:53.3,4.3,1428.96,1433.28
曾佩慈,42,00:23:49.0,00:23:53.3,4.3,1428.96,1433.28
王濛,78,00:23:49.0,00:23:53.3,4.3,1428.96,1433.28
黄灿灿,41,00:23:49.0,00:23:52.6,3.7,1428.96,1432.64
唐艺昕,12,00:23:49.1,00:23:56.0,6.9,1429.12,1436.0
徐梦洁,9,00:23:49.1,00:23:55.2,6.1,1429.12,1435.2
李心洁,18,00:23:52.8,00:23:53.3,0.5,1432.8,1433.28
黄灿灿,42,00:23:52.8,00:23:53.3,0.5,1432.8,1433.28
李小冉,43,00:23:55.4,00:23:57.6,2.2,1435.36,1437.6
何宣林,7,00:23:55.7,00:23:56.0,0.3,1435.68,1436.0
曾佩慈,43,00:23:56.0,00:23:57.4,1.4,1436.0,1437.44
王濛,79,00:23:56.0,00:23:57.4,1.4,1436.0,1437.44
陈凯琳,5,00:23:56.0,00:23:57.4,1.4,1436.0,1437.44
何宣林,8,00:23:57.4,00:23:59.2,1.8,1437.44,1439.2
唐艺昕,13,00:23:57.4,00:23:59.2,1.8,1437.44,1439.2
徐梦洁,10,00:23:57.4,00:23:59.2,1.8,1437.44,1439.2
曾佩慈,44,00:23:59.2,00:24:02.4,3.2,1439.2,1442.4
李小冉,44,00:23:59.2,00:24:00.8,1.6,1439.2,1440.8
王濛,80,00:23:59.2,00:24:02.6,3.4,1439.2,1442.56
陈凯琳,6,00:23:59.2,00:24:06.1,6.9,1439.2,1446.08
李小冉,45,00:24:01.8,00:24:02.6,0.8,1441.76,1442.56
唐艺昕,14,00:24:02.6,00:24:06.1,3.5,1442.56,1446.08
徐梦洁,11,00:24:02.6,00:24:06.1,3.5,1442.56,1446.08
黄灿灿,43,00:24:02.6,00:24:06.1,3.5,1442.56,1446.08
何宣林,9,00:24:06.1,00:24:20.2,14.1,1446.08,1460.16
曾佩慈,45,00:24:06.1,00:24:06.7,0.6,1446.08,1446.72
李小冉,46,00:24:06.1,00:24:09.1,3.0,1446.08,1449.12
李心洁,19,00:24:06.1,00:24:13.9,7.8,1446.08,1453.92
王濛,81,00:24:07.4,00:24:11.7,4.3,1447.36,1451.68
曾佩慈,46,00:24:07.5,00:24:11.7,4.2,1447.52,1451.68
徐梦洁,12,00:24:09.0,00:24:09.4,0.5,1448.96,1449.44
李小冉,47,00:24:09.3,00:24:11.7,2.4,1449.28,1451.68
徐梦洁,13,00:24:09.6,00:24:09.9,0.3,1449.6,1449.92
徐梦洁,14,00:24:10.1,00:24:10.4,0.3,1450.08,1450.4
徐梦洁,15,00:24:10.7,00:24:11.7,1.0,1450.72,1451.68
唐艺昕,15,00:24:11.7,00:24:15.2,3.5,1451.68,1455.2
李小冉,48,00:24:12.2,00:24:14.4,2.2,1452.16,1454.4
曾佩慈,47,00:24:15.4,00:24:16.5,1.1,1455.36,1456.48
李心洁,20,00:24:15.7,00:24:17.1,1.4,1455.68,1457.12
李小冉,49,00:24:15.8,00:24:16.8,1.0,1455.84,1456.8
唐艺昕,16,00:24:16.2,00:24:17.3,1.1,1456.16,1457.28
黄灿灿,44,00:24:16.8,00:24:19.0,2.2,1456.8,1459.04
李小冉,50,00:24:17.3,00:24:17.4,0.2,1457.28,1457.44
李心洁,21,00:24:17.3,00:24:20.2,2.9,1457.28,1460.16
王濛,82,00:24:18.4,00:24:20.0,1.6,1458.4,1460.0
黄灿灿,45,00:24:19.4,00:24:20.2,0.8,1459.36,1460.16
陈凯琳,7,00:24:19.7,00:24:20.2,0.5,1459.68,1460.16
黄灿灿,46,00:24:23.7,00:24:24.8,1.1,1463.68,1464.8
徐梦洁,16,00:24:26.4,00:24:32.0,5.6,1466.4,1472.0
王濛,83,00:24:26.4,00:24:36.2,9.8,1466.4,1476.16
唐艺昕,17,00:24:29.3,00:24:30.2,1.0,1469.28,1470.24
何宣林,10,00:24:32.0,00:24:33.4,1.4,1472.0,1473.44
张月,21,00:24:35.0,00:24:36.2,1.1,1475.04,1476.16
徐梦洁,17,00:24:35.0,00:24:36.2,1.1,1475.04,1476.16
曾佩慈,48,00:24:36.2,00:24:42.2,6.1,1476.16,1482.24
何宣林,11,00:24:38.7,00:24:42.6,3.8,1478.72,1482.56
唐艺昕,18,00:24:38.7,00:24:38.9,0.2,1478.72,1478.88
李小冉,51,00:24:38.7,00:24:49.1,10.4,1478.72,1489.12
唐艺昕,19,00:24:39.5,00:24:41.6,2.1,1479.52,1481.6
李心洁,22,00:24:42.6,00:24:51.2,8.6,1482.56,1491.2
陈凯琳,8,00:24:42.6,00:24:46.2,3.7,1482.56,1486.24
何宣林,12,00:24:46.2,00:24:51.2,5.0,1486.24,1491.2
李小冉,52,00:24:49.3,00:24:51.2,1.9,1489.28,1491.2
曾佩慈,49,00:24:51.2,00:24:54.4,3.2,1491.2,1494.4
何宣林,13,00:24:54.4,00:25:00.3,5.9,1494.4,1500.32
唐艺昕,20,00:24:54.4,00:24:56.2,1.8,1494.4,1496.16
徐梦洁,18,00:24:54.4,00:25:00.3,5.9,1494.4,1500.32
李小冉,53,00:24:54.4,00:24:58.1,3.7,1494.4,1498.08
李心洁,23,00:24:54.4,00:25:00.3,5.9,1494.4,1500.32
陈凯琳,9,00:24:54.7,00:24:55.0,0.3,1494.72,1495.04
黄灿灿,47,00:24:55.0,00:25:00.3,5.3,1495.04,1500.32
陈凯琳,10,00:24:55.4,00:24:56.5,1.1,1495.36,1496.48
陈凯琳,11,00:24:57.0,00:24:57.6,0.6,1496.96,1497.6
唐艺昕,21,00:24:57.9,00:24:58.2,0.3,1497.92,1498.24
唐艺昕,22,00:24:58.4,00:25:00.3,1.9,1498.4,1500.32
陈凯琳,12,00:24:59.4,00:24:59.5,0.2,1499.36,1499.52
李小冉,54,00:24:59.7,00:25:00.3,0.6,1499.68,1500.32
曾佩慈,50,00:25:00.3,00:25:03.4,3.0,1500.32,1503.36
唐艺昕,23,00:25:03.4,00:25:07.2,3.8,1503.36,1507.2
徐梦洁,19,00:25:03.4,00:25:07.2,3.8,1503.36,1507.2
黄灿灿,48,00:25:03.4,00:25:07.2,3.8,1503.36,1507.2
曾佩慈,51,00:25:04.5,00:25:07.2,2.7,1504.48,1507.2
李小冉,55,00:25:06.6,00:25:07.2,0.6,1506.56,1507.2
何宣林,14,00:25:07.2,00:25:11.0,3.8,1507.2,1511.04
李心洁,24,00:25:07.2,00:25:11.0,3.8,1507.2,1511.04
李小冉,56,00:25:08.5,00:25:10.7,2.2,1508.48,1510.72
唐艺昕,24,00:25:10.7,00:25:14.7,4.0,1510.72,1514.72
徐梦洁,20,00:25:10.7,00:25:14.9,4.2,1510.72,1514.88
黄灿灿,49,00:25:10.7,00:25:15.8,5.1,1510.72,1515.84
李心洁,25,00:25:11.2,00:25:11.7,0.5,1511.2,1511.68
何宣林,15,00:25:11.5,00:25:12.3,0.8,1511.52,1512.32
李心洁,26,00:25:11.8,00:25:14.2,2.4,1511.84,1514.24
陈凯琳,13,00:25:11.8,00:25:26.1,14.2,1511.84,1526.08
何宣林,16,00:25:12.5,00:25:13.1,0.6,1512.48,1513.12
何宣林,17,00:25:13.3,00:25:14.4,1.1,1513.28,1514.4
何宣林,18,00:25:14.7,00:25:14.9,0.2,1514.72,1514.88
李心洁,27,00:25:14.7,00:25:16.8,2.1,1514.72,1516.8
唐艺昕,25,00:25:14.9,00:25:15.4,0.5,1514.88,1515.36
何宣林,19,00:25:15.2,00:25:16.3,1.1,1515.2,1516.32
唐艺昕,26,00:25:15.5,00:25:26.1,10.6,1515.52,1526.08
徐梦洁,21,00:25:15.7,00:25:22.6,6.9,1515.68,1522.56
黄灿灿,50,00:25:17.3,00:25:26.1,8.8,1517.28,1526.08
何宣林,20,00:25:17.6,00:25:19.0,1.4,1517.6,1519.04
李小冉,57,00:25:17.9,00:25:19.4,1.4,1517.92,1519.36
李小冉,58,00:25:19.5,00:25:21.0,1.4,1519.52,1520.96
何宣林,21,00:25:22.1,00:25:22.6,0.5,1522.08,1522.56
徐梦洁,22,00:25:22.7,00:25:26.1,3.4,1522.72,1526.08
何宣林,22,00:25:23.2,00:25:26.1,2.9,1523.2,1526.08
李心洁,28,00:25:24.5,00:25:26.1,1.6,1524.48,1526.08
淡淡,3,00:25:30.9,00:25:34.6,3.7,1530.88,1534.56
唐艺昕,27,00:25:39.8,00:25:40.5,0.6,1539.84,1540.48
黄灿灿,51,00:25:39.8,00:25:41.4,1.6,1539.84,1541.44
淡淡,4,00:25:40.8,00:25:43.2,2.4,1540.8,1543.2
徐梦洁,23,00:25:47.8,00:25:50.7,2.9,1547.84,1550.72
谢楠,3,00:25:47.8,00:25:50.7,2.9,1547.84,1550.72
唐艺昕,28,00:25:50.7,00:25:54.7,4.0,1550.72,1554.72
淡淡,5,00:25:50.7,00:25:52.3,1.6,1550.72,1552.32
陈凯琳,14,00:25:50.7,00:25:51.4,0.6,1550.72,1551.36
黄灿灿,52,00:25:50.7,00:25:53.9,3.2,1550.72,1553.92
陈凯琳,15,00:25:51.5,00:25:51.7,0.2,1551.52,1551.68
陈凯琳,16,00:25:52.0,00:25:53.1,1.1,1552.0,1553.12
陈凯琳,17,00:25:53.8,00:25:54.1,0.3,1553.76,1554.08
徐梦洁,24,00:25:53.9,00:25:54.2,0.3,1553.92,1554.24
徐梦洁,25,00:25:54.4,00:25:54.6,0.2,1554.4,1554.56
淡淡,6,00:25:54.6,00:25:58.4,3.8,1554.56,1558.4
唐艺昕,29,00:25:55.2,00:26:00.8,5.6,1555.2,1560.8
徐梦洁,26,00:25:55.5,00:25:56.5,1.0,1555.52,1556.48
徐梦洁,27,00:25:56.8,00:25:57.1,0.3,1556.8,1557.12
徐梦洁,28,00:25:57.9,00:26:00.8,2.9,1557.92,1560.8
何宣林,23,00:26:00.8,00:26:11.5,10.7,1560.8,1571.52
淡淡,7,00:26:00.8,00:26:07.4,6.6,1560.8,1567.36
李心洁,29,00:26:04.6,00:26:07.0,2.4,1564.64,1567.04
徐梦洁,29,00:26:05.1,00:26:05.3,0.2,1565.12,1565.28
徐梦洁,30,00:26:05.9,00:26:06.4,0.5,1565.92,1566.4
徐梦洁,31,00:26:06.6,00:26:06.7,0.2,1566.56,1566.72
徐梦洁,32,00:26:07.0,00:26:07.4,0.3,1567.04,1567.36
徐梦洁,33,00:26:07.5,00:26:08.3,0.8,1567.52,1568.32
淡淡,8,00:26:08.0,00:26:09.6,1.6,1568.0,1569.6
李心洁,30,00:26:08.3,00:26:11.5,3.2,1568.32,1571.52
淡淡,9,00:26:11.5,00:26:13.9,2.4,1571.52,1573.92
黄灿灿,53,00:26:11.5,00:26:18.9,7.4,1571.52,1578.88
淡淡,10,00:26:15.2,00:26:19.5,4.3,1575.2,1579.52
何宣林,24,00:26:18.9,00:26:23.5,4.6,1578.88,1583.52
李心洁,31,00:26:18.9,00:26:28.0,9.1,1578.88,1588.0
淡淡,11,00:26:20.5,00:26:28.0,7.5,1580.48,1588.0
唐艺昕,30,00:26:28.0,00:26:33.8,5.8,1588.0,1593.76
徐梦洁,34,00:26:28.0,00:26:33.8,5.8,1588.0,1593.76
陈凯琳,18,00:26:28.0,00:26:33.8,5.8,1588.0,1593.76
何宣林,25,00:26:28.3,00:26:28.8,0.5,1588.32,1588.8
何宣林,26,00:26:30.4,00:26:30.6,0.2,1590.4,1590.56
何宣林,27,00:26:30.7,00:26:30.9,0.2,1590.72,1590.88
何宣林,28,00:26:31.0,00:26:36.6,5.6,1591.04,1596.64
李心洁,32,00:26:33.8,00:26:36.6,2.9,1593.76,1596.64
淡淡,12,00:26:33.8,00:26:36.6,2.9,1593.76,1596.64
唐艺昕,31,00:26:36.6,00:26:40.3,3.7,1596.64,1600.32
徐梦洁,35,00:26:36.6,00:26:40.3,3.7,1596.64,1600.32
黄灿灿,54,00:26:38.1,00:26:40.3,2.2,1598.08,1600.32
李心洁,33,00:26:40.3,00:26:47.5,7.2,1600.32,1607.52
淡淡,13,00:26:40.3,00:26:47.5,7.2,1600.32,1607.52
陈凯琳,19,00:26:43.7,00:26:47.5,3.8,1603.68,1607.52
唐艺昕,32,00:26:47.5,00:26:58.9,11.4,1607.52,1618.88
徐梦洁,36,00:26:47.5,00:26:58.9,11.4,1607.52,1618.88
黄灿灿,55,00:26:47.5,00:26:58.9,11.4,1607.52,1618.88
淡淡,14,00:26:52.2,00:27:05.3,13.1,1612.16,1625.28
陈凯琳,20,00:26:52.2,00:27:05.3,13.1,1612.16,1625.28
李心洁,34,00:26:58.9,00:27:05.3,6.4,1618.88,1625.28
唐艺昕,33,00:27:05.3,00:27:07.4,2.1,1625.28,1627.36
淡淡,15,00:27:07.4,00:27:08.2,0.8,1627.36,1628.16
李心洁,35,00:27:07.5,00:27:17.0,9.4,1627.52,1636.96
淡淡,16,00:27:08.3,00:27:17.0,8.6,1628.32,1636.96
陈凯琳,21,00:27:10.2,00:27:17.0,6.7,1630.24,1636.96
唐艺昕,34,00:27:10.6,00:27:21.8,11.2,1630.56,1641.76
徐梦洁,37,00:27:11.5,00:27:12.8,1.3,1631.52,1632.8
徐梦洁,38,00:27:13.3,00:27:13.4,0.2,1633.28,1633.44
徐梦洁,39,00:27:13.6,00:27:14.1,0.5,1633.6,1634.08
徐梦洁,40,00:27:18.9,00:27:21.8,2.9,1638.88,1641.76
淡淡,17,00:27:18.9,00:27:24.6,5.8,1638.88,1644.64
陈凯琳,22,00:27:18.9,00:27:21.8,2.9,1638.88,1641.76
黄灿灿,56,00:27:18.9,00:27:21.8,2.9,1638.88,1641.76
唐艺昕,35,00:27:24.6,00:27:28.2,3.5,1644.64,1648.16
何宣林,29,00:27:28.0,00:27:31.4,3.4,1648.0,1651.36
徐梦洁,41,00:27:28.0,00:27:29.1,1.1,1648.0,1649.12
陈凯琳,23,00:27:28.0,00:27:38.7,10.7,1648.0,1658.72
黄灿灿,57,00:27:28.0,00:27:36.6,8.6,1648.0,1656.64
唐艺昕,36,00:27:28.3,00:27:29.0,0.6,1648.32,1648.96
唐艺昕,37,00:27:29.3,00:27:30.1,0.8,1649.28,1650.08
徐梦洁,42,00:27:29.8,00:27:29.9,0.2,1649.76,1649.92
徐梦洁,43,00:27:30.2,00:27:31.4,1.1,1650.24,1651.36
唐艺昕,38,00:27:30.9,00:27:40.5,9.6,1650.88,1660.48
淡淡,18,00:27:31.4,00:27:36.2,4.8,1651.36,1656.16
徐梦洁,44,00:27:33.1,00:27:36.6,3.5,1653.12,1656.64
李心洁,36,00:27:36.6,00:27:38.7,2.1,1656.64,1658.72
淡淡,19,00:27:36.6,00:27:38.7,2.1,1656.64,1658.72
徐梦洁,45,00:27:38.2,00:27:38.7,0.5,1658.24,1658.72
徐梦洁,46,00:27:39.2,00:27:40.5,1.3,1659.2,1660.48
李心洁,37,00:27:40.5,00:27:44.3,3.8,1660.48,1664.32
淡淡,20,00:27:40.5,00:27:44.3,3.8,1660.48,1664.32
陈凯琳,24,00:27:40.5,00:27:44.3,3.8,1660.48,1664.32
唐艺昕,39,00:27:44.3,00:27:49.8,5.4,1664.32,1669.76
徐梦洁,47,00:27:47.2,00:27:49.8,2.6,1667.2,1669.76
淡淡,21,00:27:47.2,00:27:48.5,1.3,1667.2,1668.48
陈凯琳,25,00:27:47.2,00:27:49.8,2.6,1667.2,1669.76
黄灿灿,58,00:27:47.2,00:27:49.8,2.6,1667.2,1669.76
淡淡,22,00:27:49.3,00:27:53.0,3.7,1669.28,1672.96
何宣林,30,00:27:49.8,00:27:53.0,3.2,1669.76,1672.96
李心洁,38,00:27:49.8,00:27:53.0,3.2,1669.76,1672.96
唐艺昕,40,00:27:53.0,00:28:06.6,13.6,1672.96,1686.56
徐梦洁,48,00:27:53.0,00:28:05.0,12.0,1672.96,1684.96
陈凯琳,26,00:27:57.3,00:28:05.3,8.0,1677.28,1685.28
黄灿灿,59,00:27:57.3,00:28:05.3,8.0,1677.28,1685.28
淡淡,23,00:27:58.2,00:27:58.9,0.6,1678.24,1678.88
淡淡,24,00:27:59.0,00:28:00.5,1.4,1679.04,1680.48
徐梦洁,49,00:28:05.1,00:28:05.3,0.2,1685.12,1685.28
李心洁,39,00:28:05.3,00:28:13.1,7.8,1685.28,1693.12
淡淡,25,00:28:07.4,00:28:08.2,0.8,1687.36,1688.16
淡淡,26,00:28:08.8,00:28:10.6,1.8,1688.8,1690.56
淡淡,27,00:28:11.7,00:28:13.1,1.4,1691.68,1693.12
唐艺昕,41,00:28:13.1,00:28:17.0,3.8,1693.12,1696.96
徐梦洁,50,00:28:13.1,00:28:17.0,3.8,1693.12,1696.96
陈凯琳,27,00:28:13.1,00:28:17.0,3.8,1693.12,1696.96
黄灿灿,60,00:28:13.1,00:28:17.0,3.8,1693.12,1696.96
淡淡,28,00:28:13.8,00:28:15.7,1.9,1693.76,1695.68
淡淡,29,00:28:16.8,00:28:20.2,3.4,1696.8,1700.16
李心洁,40,00:28:17.0,00:28:20.2,3.2,1696.96,1700.16
唐艺昕,42,00:28:20.2,00:28:23.8,3.7,1700.16,1703.84
徐梦洁,51,00:28:20.2,00:28:23.7,3.5,1700.16,1703.68
李心洁,41,00:28:23.8,00:28:27.4,3.5,1703.84,1707.36
淡淡,30,00:28:23.8,00:28:27.4,3.5,1703.84,1707.36
陈凯琳,28,00:28:23.8,00:28:27.4,3.5,1703.84,1707.36
唐艺昕,43,00:28:27.4,00:28:32.0,4.6,1707.36,1712.0
徐梦洁,52,00:28:27.4,00:28:32.0,4.6,1707.36,1712.0
陈凯琳,29,00:28:27.5,00:28:27.7,0.2,1707.52,1707.68
陈凯琳,30,00:28:28.5,00:28:42.4,13.9,1708.48,1722.4
李心洁,42,00:28:32.0,00:28:45.0,13.0,1712.0,1724.96
淡淡,31,00:28:32.0,00:28:45.0,13.0,1712.0,1724.96
何宣林,31,00:28:42.4,00:28:45.0,2.6,1722.4,1724.96
唐艺昕,44,00:28:42.4,00:28:49.4,7.0,1722.4,1729.44
陈凯琳,31,00:28:45.0,00:28:51.8,6.9,1724.96,1731.84
唐艺昕,45,00:28:50.6,00:28:55.0,4.5,1730.56,1735.04
徐梦洁,53,00:28:51.8,00:28:53.3,1.4,1731.84,1733.28
徐梦洁,54,00:28:54.9,00:28:59.0,4.2,1734.88,1739.04
陈凯琳,32,00:28:55.0,00:29:19.7,24.6,1735.04,1759.68
唐艺昕,46,00:28:56.8,00:28:57.9,1.1,1736.8,1737.92
唐艺昕,47,00:28:58.1,00:29:00.0,1.9,1738.08,1740.0
徐梦洁,55,00:28:59.2,00:28:59.4,0.2,1739.2,1739.36
唐艺昕,48,00:29:00.8,00:29:02.1,1.3,1740.8,1742.08
徐梦洁,56,00:29:01.1,00:29:03.5,2.4,1741.12,1743.52
唐艺昕,49,00:29:02.6,00:29:05.1,2.6,1742.56,1745.12
徐梦洁,57,00:29:05.1,00:29:05.3,0.2,1745.12,1745.28
徐梦洁,58,00:29:05.6,00:29:06.2,0.6,1745.6,1746.24
何宣林,32,00:29:07.0,00:29:17.6,10.6,1747.04,1757.6
唐艺昕,50,00:29:19.7,00:29:32.2,12.5,1759.68,1772.16
徐梦洁,59,00:29:19.7,00:29:20.5,0.8,1759.68,1760.48
淡淡,32,00:29:19.7,00:29:38.7,19.0,1759.68,1778.72
李心洁,43,00:29:19.8,00:29:31.0,11.2,1759.84,1771.04
陈凯琳,33,00:29:19.8,00:29:31.0,11.2,1759.84,1771.04
徐梦洁,60,00:29:22.1,00:29:31.0,9.0,1762.08,1771.04
徐梦洁,61,00:29:31.7,00:29:34.9,3.2,1771.68,1774.88
唐艺昕,51,00:29:34.9,00:29:35.0,0.2,1774.88,1775.04
徐梦洁,62,00:29:35.0,00:29:35.2,0.2,1775.04,1775.2
唐艺昕,52,00:29:35.2,00:29:35.4,0.2,1775.2,1775.36
徐梦洁,63,00:29:35.4,00:29:36.5,1.1,1775.36,1776.48
唐艺昕,53,00:29:36.5,00:29:37.0,0.5,1776.48,1776.96
徐梦洁,64,00:29:36.6,00:29:36.8,0.2,1776.64,1776.8
徐梦洁,65,00:29:37.0,00:29:37.3,0.3,1776.96,1777.28
唐艺昕,54,00:29:37.3,00:29:38.1,0.8,1777.28,1778.08
徐梦洁,66,00:29:37.6,00:29:37.9,0.3,1777.6,1777.92
徐梦洁,67,00:29:38.1,00:29:54.6,16.5,1778.08,1794.56
唐艺昕,55,00:29:38.7,00:29:40.8,2.1,1778.72,1780.8
陈凯琳,34,00:29:38.7,00:29:39.7,1.0,1778.72,1779.68
陈凯琳,35,00:29:40.3,00:29:54.6,14.2,1780.32,1794.56
唐艺昕,56,00:29:42.7,00:29:42.9,0.2,1782.72,1782.88
唐艺昕,57,00:29:44.5,00:29:50.9,6.4,1784.48,1790.88
唐艺昕,58,00:29:51.8,00:29:54.6,2.7,1791.84,1794.56
李心洁,44,00:29:54.6,00:30:05.6,11.0,1794.56,1805.6
淡淡,33,00:29:54.6,00:30:05.6,11.0,1794.56,1805.6
唐艺昕,59,00:30:05.6,00:30:11.5,5.9,1805.6,1811.52
徐梦洁,68,00:30:05.6,00:30:06.6,1.0,1805.6,1806.56
徐梦洁,69,00:30:06.7,00:30:08.2,1.4,1806.72,1808.16
徐梦洁,70,00:30:08.3,00:30:11.5,3.2,1808.32,1811.52
李心洁,45,00:30:11.5,00:30:18.2,6.7,1811.52,1818.24
谢楠,4,00:30:18.2,00:30:21.6,3.4,1818.24,1821.6
陈凯琳,36,00:30:18.2,00:30:21.6,3.4,1818.24,1821.6
徐梦洁,71,00:30:21.6,00:30:30.2,8.6,1821.6,1830.24
李心洁,46,00:30:21.6,00:30:31.4,9.8,1821.6,1831.36
淡淡,34,00:30:21.6,00:30:35.5,13.9,1821.6,1835.52
唐艺昕,60,00:30:25.3,00:30:25.8,0.5,1825.28,1825.76
唐艺昕,61,00:30:26.2,00:30:26.6,0.3,1826.24,1826.56
唐艺昕,62,00:30:26.7,00:30:29.1,2.4,1826.72,1829.12
唐艺昕,63,00:30:29.6,00:30:29.9,0.3,1829.6,1829.92
谢楠,5,00:30:35.5,00:30:40.5,5.0,1835.52,1840.48
陈凯琳,37,00:30:35.5,00:30:40.5,5.0,1835.52,1840.48
李心洁,47,00:30:40.5,00:30:42.2,1.8,1840.48,1842.24
淡淡,35,00:30:40.5,00:30:42.2,1.8,1840.48,1842.24
唐艺昕,64,00:30:42.2,00:30:45.6,3.4,1842.24,1845.6
徐梦洁,72,00:30:42.2,00:30:45.6,3.4,1842.24,1845.6
李心洁,48,00:30:45.6,00:30:56.5,10.9,1845.6,1856.48
唐艺昕,65,00:30:50.9,00:30:53.3,2.4,1850.88,1853.28
徐梦洁,73,00:30:50.9,00:30:53.3,2.4,1850.88,1853.28
淡淡,36,00:30:53.3,00:30:56.5,3.2,1853.28,1856.48
唐艺昕,66,00:30:56.5,00:30:59.5,3.0,1856.48,1859.52
徐梦洁,74,00:30:59.5,00:30:59.7,0.2,1859.52,1859.68
李心洁,49,00:30:59.5,00:31:03.2,3.7,1859.52,1863.2
淡淡,37,00:30:59.5,00:31:03.2,3.7,1859.52,1863.2
陈凯琳,38,00:30:59.5,00:31:03.2,3.7,1859.52,1863.2
唐艺昕,67,00:30:59.7,00:31:06.4,6.7,1859.68,1866.4
徐梦洁,75,00:30:59.8,00:31:01.3,1.4,1859.84,1861.28
徐梦洁,76,00:31:01.4,00:31:01.6,0.2,1861.44,1861.6
徐梦洁,77,00:31:02.2,00:31:02.4,0.2,1862.24,1862.4
徐梦洁,78,00:31:02.6,00:31:02.9,0.3,1862.56,1862.88
徐梦洁,79,00:31:03.0,00:31:06.4,3.4,1863.04,1866.4
李心洁,50,00:31:06.4,00:31:14.1,7.7,1866.4,1874.08
淡淡,38,00:31:06.4,00:31:14.1,7.7,1866.4,1874.08
唐艺昕,68,00:31:14.1,00:31:36.8,22.7,1874.08,1896.8
徐梦洁,80,00:31:14.1,00:31:36.8,22.7,1874.08,1896.8
李心洁,51,00:31:27.0,00:31:36.6,9.6,1887.04,1896.64
李心洁,52,00:31:36.8,00:31:40.6,3.8,1896.8,1900.64
淡淡,39,00:31:36.8,00:31:40.6,3.8,1896.8,1900.64
唐艺昕,69,00:31:40.6,00:31:58.2,17.6,1900.64,1918.24
徐梦洁,81,00:31:40.6,00:31:57.8,17.1,1900.64,1917.76
李心洁,53,00:31:58.2,00:32:02.1,3.8,1918.24,1922.08
淡淡,40,00:31:58.2,00:32:02.1,3.8,1918.24,1922.08
唐艺昕,70,00:32:02.1,00:32:15.7,13.6,1922.08,1935.68
徐梦洁,82,00:32:02.1,00:32:09.8,7.7,1922.08,1929.76
徐梦洁,83,00:32:12.8,00:32:15.7,2.9,1932.8,1935.68
李心洁,54,00:32:15.7,00:32:19.2,3.5,1935.68,1939.2
淡淡,41,00:32:15.7,00:32:19.2,3.5,1935.68,1939.2
唐艺昕,71,00:32:19.2,00:32:24.2,5.0,1939.2,1944.16
徐梦洁,84,00:32:19.2,00:32:24.2,5.0,1939.2,1944.16
曾佩慈,52,00:32:32.0,00:32:33.6,1.6,1952.0,1953.6
曾佩慈,53,00:32:34.9,00:32:36.0,1.1,1954.88,1956.0
张慧雯,3,00:32:36.3,00:32:36.5,0.2,1956.32,1956.48
曾佩慈,54,00:32:36.5,00:32:38.6,2.1,1956.48,1958.56
万千惠,2,00:32:37.6,00:32:38.6,1.0,1957.6,1958.56
万千惠,3,00:32:40.3,00:32:41.1,0.8,1960.32,1961.12
张慧雯,4,00:32:41.0,00:32:42.2,1.3,1960.96,1962.24
谢楠,6,00:32:43.0,00:32:45.0,1.9,1963.04,1964.96
曾佩慈,55,00:32:43.8,00:32:44.3,0.5,1963.84,1964.32
曾佩慈,56,00:32:44.8,00:32:46.1,1.3,1964.8,1966.08
谢楠,7,00:32:45.3,00:32:45.8,0.5,1965.28,1965.76
谢楠,8,00:32:45.9,00:32:46.1,0.2,1965.92,1966.08
万千惠,4,00:32:46.1,00:32:49.0,2.9,1966.08,1968.96
张慧雯,5,00:32:46.6,00:32:49.0,2.4,1966.56,1968.96
徐梦洁,85,00:32:48.0,00:32:48.3,0.3,1968.0,1968.32
孙怡,20,00:32:51.7,00:32:53.3,1.6,1971.68,1973.28
谢楠,9,00:32:54.4,00:32:55.2,0.8,1974.4,1975.2
孙怡,21,00:32:57.4,00:33:09.1,11.7,1977.44,1989.12
温峥嵘,32,00:33:16.8,00:33:17.8,1.0,1996.8,1997.76
萧蔷,25,00:33:18.6,00:33:21.0,2.4,1998.56,2000.96
温峥嵘,33,00:33:23.8,00:33:32.0,8.2,2003.84,2012.0
代斯,1,00:33:24.0,00:33:24.5,0.5,2004.0,2004.48
代斯,2,00:33:30.1,00:33:32.0,1.9,2010.08,2012.0
淡淡,42,00:33:33.8,00:33:36.3,2.6,2013.76,2016.32
李小冉,59,00:33:34.4,00:33:35.0,0.6,2014.4,2015.04
李小冉,60,00:33:35.2,00:33:37.4,2.2,2015.2,2017.44
淡淡,43,00:33:38.2,00:33:39.7,1.4,2018.24,2019.68
乌兰图雅,1,00:33:49.6,00:33:49.8,0.2,2029.6,2029.76
乌兰图雅,2,00:33:50.4,00:33:51.7,1.3,2030.4,2031.68
叶一茜,1,00:33:51.7,00:33:53.0,1.3,2031.68,2032.96
叶一茜,2,00:33:54.2,00:33:54.4,0.2,2034.24,2034.4
乌兰图雅,3,00:33:54.4,00:33:54.7,0.3,2034.4,2034.72
李心洁,55,00:33:55.4,00:33:57.4,2.1,2035.36,2037.44
安崎,12,00:33:57.3,00:33:58.9,1.6,2037.28,2038.88
叶一茜,3,00:33:57.8,00:33:57.9,0.2,2037.76,2037.92
庄法,22,00:33:57.8,00:33:58.4,0.6,2037.76,2038.4
李心洁,56,00:33:57.9,00:33:59.2,1.3,2037.92,2039.2
叶一茜,4,00:33:58.6,00:33:59.7,1.1,2038.56,2039.68
庄法,23,00:33:58.9,00:34:00.2,1.3,2038.88,2040.16
叶一茜,5,00:34:00.0,00:34:00.3,0.3,2040.0,2040.32
乌兰图雅,4,00:34:07.4,00:34:09.9,2.6,2047.36,2049.92
叶一茜,6,00:34:09.9,00:34:13.6,3.7,2049.92,2053.6
乌兰图雅,5,00:34:10.1,00:34:13.6,3.5,2050.08,2053.6
陈凯琳,39,00:34:16.2,00:34:19.0,2.9,2056.16,2059.04
徐洁儿,49,00:34:16.3,00:34:19.4,3.0,2056.32,2059.36
李心洁,57,00:34:25.0,00:34:25.1,0.2,2064.96,2065.12
张月,22,00:34:27.4,00:34:30.6,3.2,2067.36,2070.56
叶一茜,7,00:34:27.5,00:34:34.1,6.6,2067.52,2074.08
徐洁儿,50,00:34:27.5,00:34:31.7,4.2,2067.52,2071.68
李心洁,58,00:34:27.5,00:34:41.1,13.6,2067.52,2081.12
黄灿灿,61,00:34:27.5,00:34:28.8,1.3,2067.52,2068.8
徐洁儿,51,00:34:32.3,00:34:44.6,12.3,2072.32,2084.64
张月,23,00:34:35.4,00:34:48.3,13.0,2075.36,2088.32
李心洁,59,00:34:42.4,00:34:43.8,1.4,2082.4,2083.84
徐洁儿,52,00:34:45.0,00:34:48.5,3.5,2084.96,2088.48
黄灿灿,62,00:34:45.6,00:34:48.3,2.7,2085.6,2088.32
李心洁,60,00:34:47.4,00:34:49.0,1.6,2087.36,2088.96
黄灿灿,63,00:34:48.5,00:34:51.7,3.2,2088.48,2091.68
徐洁儿,53,00:34:48.6,00:34:49.4,0.8,2088.64,2089.44
叶一茜,8,00:34:49.0,00:34:49.4,0.5,2088.96,2089.44
李心洁,61,00:34:49.4,00:34:50.7,1.3,2089.44,2090.72
叶一茜,9,00:34:49.9,00:34:51.0,1.1,2089.92,2091.04
徐洁儿,54,00:34:50.6,00:34:50.7,0.2,2090.56,2090.72
徐洁儿,55,00:34:50.9,00:34:51.7,0.8,2090.88,2091.68
李心洁,62,00:34:50.9,00:34:51.7,0.8,2090.88,2091.68
陈凯琳,40,00:34:51.8,00:34:54.2,2.4,2091.84,2094.24
张月,24,00:34:52.3,00:34:52.5,0.2,2092.32,2092.48
张月,25,00:34:54.7,00:34:55.4,0.6,2094.72,2095.36
陈凯琳,41,00:34:55.2,00:34:55.5,0.3,2095.2,2095.52
张月,26,00:34:55.7,00:34:57.4,1.8,2095.68,2097.44
张月,27,00:34:58.4,00:34:59.8,1.4,2098.4,2099.84
张月,28,00:35:00.3,00:35:00.8,0.5,2100.32,2100.8
张月,29,00:35:02.4,00:35:04.0,1.6,2102.4,2104.0
张月,30,00:35:04.2,00:35:05.3,1.1,2104.16,2105.28
徐梦洁,86,00:35:07.8,00:35:10.7,2.9,2107.84,2110.72
张慧雯,6,00:35:09.6,00:35:14.2,4.6,2109.6,2114.24
徐梦洁,87,00:35:12.3,00:35:12.8,0.5,2112.32,2112.8
徐梦洁,88,00:35:14.4,00:35:23.2,8.8,2114.4,2123.2
谢楠,10,00:35:14.4,00:35:17.3,2.9,2114.4,2117.28
谢楠,11,00:35:17.4,00:35:18.9,1.4,2117.44,2118.88
徐梦洁,89,00:35:26.6,00:35:28.3,1.8,2126.56,2128.32
谢楠,12,00:35:28.3,00:35:32.3,4.0,2128.32,2132.32
张慧雯,7,00:35:28.5,00:35:29.6,1.1,2128.48,2129.6
张慧雯,8,00:35:30.6,00:35:32.3,1.8,2130.56,2132.32
张慧雯,9,00:35:33.9,00:35:36.2,2.2,2133.92,2136.16
谢楠,13,00:35:44.6,00:35:58.4,13.8,2144.64,2158.4
张慧雯,10,00:35:45.9,00:35:46.2,0.3,2145.92,2146.24
张慧雯,11,00:35:46.4,00:35:50.6,4.2,2146.4,2150.56
万千惠,5,00:35:49.6,00:35:50.4,0.8,2149.6,2150.4
张慧雯,12,00:35:52.0,00:35:53.1,1.1,2152.0,2153.12
万千惠,6,00:35:54.4,00:36:03.8,9.4,2154.4,2163.84
张慧雯,13,00:35:54.4,00:35:55.8,1.4,2154.4,2155.84
张慧雯,14,00:35:57.3,00:36:03.4,6.1,2157.28,2163.36
谢楠,14,00:35:58.6,00:36:03.4,4.8,2158.56,2163.36
万千惠,7,00:36:05.4,00:36:08.5,3.0,2165.44,2168.48
万千惠,8,00:36:09.0,00:36:35.0,26.1,2168.96,2195.04
张慧雯,15,00:36:09.0,00:36:09.9,1.0,2168.96,2169.92
谢楠,15,00:36:09.0,00:36:10.9,1.9,2168.96,2170.88
张慧雯,16,00:36:10.1,00:36:29.6,19.5,2170.08,2189.6
谢楠,16,00:36:11.7,00:36:31.7,20.0,2171.68,2191.68
张慧雯,17,00:36:29.9,00:36:30.2,0.3,2189.92,2190.24
谢楠,17,00:36:31.8,00:36:35.2,3.4,2191.84,2195.2
万千惠,9,00:36:36.5,00:36:37.9,1.4,2196.48,2197.92
谢楠,18,00:36:36.5,00:36:37.8,1.3,2196.48,2197.76
张慧雯,18,00:36:36.8,00:36:39.2,2.4,2196.8,2199.2
万千惠,10,00:36:38.1,00:36:57.1,19.0,2198.08,2217.12
谢楠,19,00:36:38.2,00:36:39.2,1.0,2198.24,2199.2
张慧雯,19,00:36:45.1,00:36:45.4,0.3,2205.12,2205.44
谢楠,20,00:36:45.1,00:36:53.3,8.2,2205.12,2213.28
张慧雯,20,00:36:53.4,00:36:54.9,1.4,2213.44,2214.88
谢楠,21,00:36:53.4,00:36:57.1,3.7,2213.44,2217.12
张慧雯,21,00:36:57.1,00:37:00.2,3.0,2217.12,2220.16
张慧雯,22,00:37:00.8,00:37:05.3,4.5,2220.8,2225.28
谢楠,22,00:37:02.4,00:37:04.5,2.1,2222.4,2224.48
谢楠,23,00:37:04.6,00:37:08.2,3.5,2224.64,2228.16
张慧雯,23,00:37:08.2,00:37:14.7,6.6,2228.16,2234.72
徐梦洁,90,00:37:08.6,00:37:12.3,3.7,2228.64,2232.32
张月,31,00:37:21.0,00:37:25.0,4.0,2240.96,2244.96
黄灿灿,64,00:37:21.0,00:37:23.8,2.9,2240.96,2243.84
徐洁儿,56,00:37:21.9,00:37:23.8,1.9,2241.92,2243.84
徐洁儿,57,00:37:24.0,00:37:25.3,1.3,2244.0,2245.28
黄灿灿,65,00:37:25.0,00:37:25.6,0.6,2244.96,2245.6
黄灿灿,66,00:37:25.8,00:37:25.9,0.2,2245.76,2245.92
徐洁儿,58,00:37:38.1,00:37:38.7,0.6,2258.08,2258.72
徐洁儿,59,00:37:39.8,00:37:40.3,0.5,2259.84,2260.32
徐洁儿,60,00:37:40.6,00:37:41.0,0.3,2260.64,2260.96
陈凯琳,42,00:37:41.9,00:37:42.4,0.5,2261.92,2262.4
陈凯琳,43,00:37:44.5,00:37:44.6,0.2,2264.48,2264.64
张月,32,00:37:48.5,00:37:56.8,8.3,2268.48,2276.8
徐洁儿,61,00:37:48.5,00:37:56.8,8.3,2268.48,2276.8
陈凯琳,44,00:37:48.5,00:37:56.8,8.3,2268.48,2276.8
黄灿灿,67,00:37:48.5,00:38:17.0,28.5,2268.48,2296.96
张月,33,00:37:58.7,00:38:06.1,7.4,2278.72,2286.08
徐洁儿,62,00:37:58.7,00:38:26.4,27.7,2278.72,2306.4
陈凯琳,45,00:37:58.7,00:38:09.1,10.4,2278.72,2289.12
张月,34,00:38:06.2,00:38:06.6,0.3,2286.24,2286.56
张月,35,00:38:06.7,00:38:07.0,0.3,2286.72,2287.04
张月,36,00:38:07.2,00:38:07.4,0.2,2287.2,2287.36
张月,37,00:38:08.0,00:38:08.3,0.3,2288.0,2288.32
张月,38,00:38:09.8,00:38:17.0,7.2,2289.76,2296.96
陈凯琳,46,00:38:10.2,00:38:11.4,1.1,2290.24,2291.36
张月,39,00:38:20.3,00:38:24.6,4.3,2300.32,2304.64
黄灿灿,68,00:38:20.3,00:38:46.2,25.9,2300.32,2326.24
陈凯琳,47,00:38:20.5,00:38:22.1,1.6,2300.48,2302.08
陈凯琳,48,00:38:22.2,00:38:26.1,3.8,2302.24,2306.08
张月,40,00:38:24.8,00:38:26.1,1.3,2304.8,2306.08
徐洁儿,63,00:38:26.6,00:38:26.7,0.2,2306.56,2306.72
徐洁儿,64,00:38:26.9,00:38:38.6,11.7,2306.88,2318.56
张月,41,00:38:28.2,00:38:29.6,1.4,2308.16,2309.6
张月,42,00:38:32.8,00:39:36.0,63.2,2312.8,2376.0
徐洁儿,65,00:38:38.7,00:38:48.3,9.6,2318.72,2328.32
黄灿灿,69,00:38:47.0,00:38:47.4,0.3,2327.04,2327.36
黄灿灿,70,00:38:47.5,00:38:47.7,0.2,2327.52,2327.68
徐洁儿,66,00:38:48.6,00:38:49.6,1.0,2328.64,2329.6
徐洁儿,67,00:38:51.0,00:38:51.7,0.6,2331.04,2331.68
徐洁儿,68,00:38:52.8,00:38:53.6,0.8,2332.8,2333.6
徐洁儿,69,00:38:54.2,00:39:06.4,12.2,2334.24,2346.4
黄灿灿,71,00:38:58.7,00:39:17.0,18.2,2338.72,2356.96
陈凯琳,49,00:39:12.5,00:39:14.1,1.6,2352.48,2354.08
徐洁儿,70,00:39:13.3,00:39:14.4,1.1,2353.28,2354.4
徐洁儿,71,00:39:14.6,00:39:16.3,1.8,2354.56,2356.32
徐洁儿,72,00:39:18.9,00:39:33.6,14.7,2358.88,2373.6
黄灿灿,72,00:39:18.9,00:39:39.7,20.8,2358.88,2379.68
陈凯琳,50,00:39:20.5,00:39:22.4,1.9,2360.48,2362.4
徐洁儿,73,00:39:36.0,00:39:37.8,1.8,2376.0,2377.76
徐洁儿,74,00:39:38.9,00:39:39.7,0.8,2378.88,2379.68
张月,43,00:39:39.7,00:39:42.2,2.6,2379.68,2382.24
黄灿灿,73,00:39:42.2,00:39:49.3,7.0,2382.24,2389.28
徐洁儿,75,00:39:42.7,00:39:54.9,12.2,2382.72,2394.88
张月,44,00:39:49.3,00:39:52.0,2.7,2389.28,2392.0
黄灿灿,74,00:39:52.0,00:39:54.9,2.9,2392.0,2394.88
张月,45,00:39:56.6,00:39:58.9,2.2,2396.64,2398.88
徐洁儿,76,00:39:56.6,00:39:58.9,2.2,2396.64,2398.88
黄灿灿,75,00:39:56.6,00:39:58.9,2.2,2396.64,2398.88
乌兰图雅,6,00:40:03.2,00:40:11.4,8.2,2403.2,2411.36
叶一茜,10,00:40:03.2,00:40:26.7,23.5,2403.2,2426.72
李心洁,63,00:40:03.2,00:40:08.0,4.8,2403.2,2408.0
李心洁,64,00:40:08.2,00:40:11.4,3.2,2408.16,2411.36
安崎,13,00:40:12.3,00:40:13.1,0.8,2412.32,2413.12
乌兰图雅,7,00:40:13.1,00:41:13.4,60.3,2413.12,2473.44
李心洁,65,00:40:19.4,00:40:19.8,0.5,2419.36,2419.84
李心洁,66,00:40:20.0,00:40:21.6,1.6,2420.0,2421.6
安崎,14,00:40:21.3,00:40:21.4,0.2,2421.28,2421.44
李心洁,67,00:40:21.9,00:40:40.8,18.9,2421.92,2440.8
安崎,15,00:40:22.2,00:40:23.5,1.3,2422.24,2423.52
安崎,16,00:40:23.7,00:40:25.0,1.3,2423.68,2424.96
庄法,24,00:40:25.0,00:40:35.8,10.9,2424.96,2435.84
叶一茜,11,00:40:27.0,00:40:27.2,0.2,2427.04,2427.2
叶一茜,12,00:40:27.5,00:40:29.9,2.4,2427.52,2429.92
叶一茜,13,00:40:30.1,00:40:32.6,2.6,2430.08,2432.64
叶一茜,14,00:40:32.8,00:40:33.0,0.2,2432.8,2432.96
叶一茜,15,00:40:33.3,00:40:33.8,0.5,2433.28,2433.76
叶一茜,16,00:40:34.1,00:40:34.4,0.3,2434.08,2434.4
叶一茜,17,00:40:34.6,00:40:34.7,0.2,2434.56,2434.72
叶一茜,18,00:40:34.9,00:41:14.2,39.4,2434.88,2474.24
庄法,25,00:40:36.3,00:40:36.5,0.2,2436.32,2436.48
安崎,17,00:40:40.8,00:40:53.6,12.8,2440.8,2453.6
庄法,26,00:40:53.6,00:40:59.2,5.6,2453.6,2459.2
李心洁,68,00:40:53.6,00:41:09.6,16.0,2453.6,2469.6
安崎,18,00:40:59.2,00:41:02.1,2.9,2459.2,2462.08
庄法,27,00:41:02.1,00:41:03.4,1.3,2462.08,2463.36
李心洁,69,00:41:09.9,00:41:13.4,3.5,2469.92,2473.44
安崎,19,00:41:11.7,00:41:13.4,1.8,2471.68,2473.44
叶一茜,19,00:41:15.2,00:41:15.5,0.3,2475.2,2475.52
叶一茜,20,00:41:19.4,00:41:19.8,0.5,2479.36,2479.84
叶一茜,21,00:41:20.0,00:41:21.8,1.8,2480.0,2481.76
李心洁,70,00:41:20.2,00:41:20.3,0.2,2480.16,2480.32
李心洁,71,00:41:21.0,00:41:21.1,0.2,2480.96,2481.12
李心洁,72,00:41:21.8,00:41:22.9,1.1,2481.76,2482.88
叶一茜,22,00:41:22.1,00:41:41.6,19.5,2482.08,2501.6
乌兰图雅,8,00:41:22.9,00:41:41.6,18.7,2482.88,2501.6
安崎,20,00:41:22.9,00:41:23.7,0.8,2482.88,2483.68
安崎,21,00:41:24.0,00:41:25.0,1.0,2484.0,2484.96
安崎,22,00:41:25.6,00:41:28.2,2.6,2485.6,2488.16
安崎,23,00:41:28.3,00:41:28.5,0.2,2488.32,2488.48
安崎,24,00:41:29.4,00:41:34.1,4.6,2489.44,2494.08
安崎,25,00:41:34.6,00:41:35.0,0.5,2494.56,2495.04
安崎,26,00:41:35.8,00:41:36.8,1.0,2495.84,2496.8
安崎,27,00:41:38.6,00:41:38.7,0.2,2498.56,2498.72
安崎,28,00:41:39.2,00:41:41.6,2.4,2499.2,2501.6
叶一茜,23,00:41:42.2,00:41:42.6,0.3,2502.24,2502.56
叶一茜,24,00:41:43.4,00:42:23.2,39.8,2503.36,2543.2
乌兰图雅,9,00:41:44.6,00:42:20.6,36.0,2504.64,2540.64
安崎,29,00:41:44.8,00:41:46.1,1.3,2504.8,2506.08
安崎,30,00:41:47.0,00:41:47.2,0.2,2507.04,2507.2
安崎,31,00:41:48.2,00:41:48.3,0.2,2508.16,2508.32
安崎,32,00:41:48.5,00:41:51.2,2.7,2508.48,2511.2
安崎,33,00:41:51.4,00:41:52.3,1.0,2511.36,2512.32
安崎,34,00:41:52.5,00:41:53.4,1.0,2512.48,2513.44
安崎,35,00:41:53.9,00:41:54.1,0.2,2513.92,2514.08
安崎,36,00:41:55.7,00:41:57.6,1.9,2515.68,2517.6
李心洁,73,00:41:57.6,00:42:09.6,12.0,2517.6,2529.6
安崎,37,00:42:11.8,00:42:12.2,0.3,2531.84,2532.16
安崎,38,00:42:12.3,00:42:13.8,1.4,2532.32,2533.76
安崎,39,00:42:14.1,00:42:14.4,0.3,2534.08,2534.4
安崎,40,00:42:14.6,00:42:14.9,0.3,2534.56,2534.88
安崎,41,00:42:15.0,00:42:15.4,0.3,2535.04,2535.36
安崎,42,00:42:15.5,00:42:15.7,0.2,2535.52,2535.68
李心洁,74,00:42:16.2,00:42:20.6,4.5,2536.16,2540.64
乌兰图雅,10,00:42:24.6,00:42:50.6,25.9,2544.64,2570.56
叶一茜,25,00:42:24.6,00:42:50.6,25.9,2544.64,2570.56
安崎,43,00:42:24.6,00:42:25.9,1.3,2544.64,2545.92
安崎,44,00:42:26.1,00:42:27.0,1.0,2546.08,2547.04
安崎,45,00:42:27.2,00:42:28.0,0.8,2547.2,2548.0
安崎,46,00:42:28.5,00:42:28.8,0.3,2548.48,2548.8
安崎,47,00:42:29.1,00:42:29.4,0.3,2549.12,2549.44
安崎,48,00:42:29.6,00:42:29.8,0.2,2549.6,2549.76
李心洁,75,00:42:32.8,00:42:37.6,4.8,2552.8,2557.6
安崎,49,00:42:37.6,00:42:39.8,2.2,2557.6,2559.84
安崎,50,00:42:40.5,00:42:44.3,3.8,2560.48,2564.32
安崎,51,00:42:44.6,00:42:45.4,0.8,2564.64,2565.44
安崎,52,00:42:45.9,00:42:50.6,4.6,2565.92,2570.56
乌兰图雅,11,00:42:52.2,00:42:57.4,5.3,2572.16,2577.44
叶一茜,26,00:42:52.2,00:42:57.4,5.3,2572.16,2577.44
代斯,3,00:42:57.4,00:43:02.2,4.8,2577.44,2582.24
温峥嵘,34,00:43:02.2,00:43:03.7,1.4,2582.24,2583.68
代斯,4,00:43:03.7,00:43:10.1,6.4,2583.68,2590.08
温峥嵘,35,00:43:10.1,00:43:15.5,5.4,2590.08,2595.52
代斯,5,00:43:15.5,00:43:39.2,23.7,2595.52,2619.2
代斯,6,00:43:44.3,00:43:51.0,6.7,2624.32,2631.04
温峥嵘,36,00:43:51.0,00:43:54.7,3.7,2631.04,2634.72
代斯,7,00:43:54.7,00:44:05.8,11.0,2634.72,2645.76
温峥嵘,37,00:44:05.8,00:44:08.3,2.6,2645.76,2648.32
代斯,8,00:44:08.3,00:44:23.0,14.7,2648.32,2663.04
温峥嵘,38,00:44:23.0,00:44:25.6,2.6,2663.04,2665.6
代斯,9,00:44:25.6,00:44:35.7,10.1,2665.6,2675.68
徐梦洁,91,00:44:39.2,00:44:43.7,4.5,2679.2,2683.68
曾佩慈,57,00:44:43.7,00:44:50.7,7.0,2683.68,2690.72
徐梦洁,92,00:44:50.7,00:44:52.5,1.8,2690.72,2692.48
万千惠,11,00:44:52.5,00:45:00.2,7.7,2692.48,2700.16
曾佩慈,58,00:44:52.5,00:45:02.9,10.4,2692.48,2702.88
张慧雯,24,00:45:02.9,00:45:04.5,1.6,2702.88,2704.48
万千惠,12,00:45:04.5,00:45:11.0,6.6,2704.48,2711.04
曾佩慈,59,00:45:04.5,00:45:11.0,6.6,2704.48,2711.04
张慧雯,25,00:45:11.0,00:45:13.6,2.6,2711.04,2713.6
万千惠,13,00:45:13.6,00:45:16.8,3.2,2713.6,2716.8
曾佩慈,60,00:45:13.6,00:45:17.4,3.8,2713.6,2717.44
张慧雯,26,00:45:17.4,00:45:20.6,3.2,2717.44,2720.64
万千惠,14,00:45:19.5,00:45:25.6,6.1,2719.52,2725.6
曾佩慈,61,00:45:19.5,00:45:28.0,8.5,2719.52,2728.0
万千惠,15,00:45:26.2,00:45:28.0,1.8,2726.24,2728.0
张慧雯,27,00:45:28.0,00:45:32.5,4.5,2728.0,2732.48
万千惠,16,00:45:32.5,00:45:45.9,13.4,2732.48,2745.92
曾佩慈,62,00:45:32.5,00:45:50.2,17.8,2732.48,2750.24
万千惠,17,00:45:49.8,00:45:52.8,3.0,2749.76,2752.8
曾佩慈,63,00:45:52.8,00:46:21.3,28.5,2752.8,2781.28
万千惠,18,00:45:53.3,00:45:56.5,3.2,2753.28,2756.48
万千惠,19,00:45:56.8,00:46:21.3,24.5,2756.8,2781.28
张慧雯,28,00:46:21.3,00:46:23.5,2.2,2781.28,2783.52
万千惠,20,00:46:23.5,00:46:29.4,5.9,2783.52,2789.44
曾佩慈,64,00:46:23.5,00:46:29.4,5.9,2783.52,2789.44
张慧雯,29,00:46:29.4,00:46:31.2,1.8,2789.44,2791.2
万千惠,21,00:46:31.2,00:46:36.3,5.1,2791.2,2796.32
曾佩慈,65,00:46:31.2,00:46:36.3,5.1,2791.2,2796.32
唐艺昕,72,00:46:44.5,00:46:45.1,0.6,2804.48,2805.12
淡淡,44,00:46:47.8,00:46:48.8,1.0,2807.84,2808.8
王濛,84,00:46:47.8,00:46:54.6,6.7,2807.84,2814.56
唐艺昕,73,00:46:50.4,00:46:51.4,1.0,2810.4,2811.36
唐艺昕,74,00:46:51.5,00:46:51.7,0.2,2811.52,2811.68
陈瑶,14,00:46:52.6,00:46:53.6,1.0,2812.64,2813.6
淡淡,45,00:46:53.9,00:46:54.4,0.5,2813.92,2814.4
王濛,85,00:46:55.8,00:46:57.6,1.8,2815.84,2817.6
陈瑶,15,00:46:56.8,00:46:57.0,0.2,2816.8,2816.96
陈瑶,16,00:46:57.4,00:46:57.9,0.5,2817.44,2817.92
陈瑶,17,00:46:58.2,00:47:02.6,4.3,2818.24,2822.56
李小冉,61,00:46:58.4,00:46:59.7,1.3,2818.4,2819.68
王濛,86,00:46:58.9,00:47:04.8,5.9,2818.88,2824.8
李小冉,62,00:46:59.8,00:47:01.8,1.9,2819.84,2821.76
陈瑶,18,00:47:05.3,00:47:05.6,0.3,2825.28,2825.6
王濛,87,00:47:05.9,00:47:06.9,1.0,2825.92,2826.88
王濛,88,00:47:10.2,00:47:17.4,7.2,2830.24,2837.44
李小冉,63,00:47:11.5,00:47:13.0,1.4,2831.52,2832.96
王濛,89,00:47:19.2,00:47:20.3,1.1,2839.2,2840.32
王濛,90,00:47:20.5,00:47:20.6,0.2,2840.48,2840.64
王濛,91,00:47:20.8,00:47:21.0,0.2,2840.8,2840.96
王濛,92,00:47:30.9,00:47:31.0,0.2,2850.88,2851.04
李小冉,64,00:47:31.4,00:47:31.7,0.3,2851.36,2851.68
王濛,93,00:47:31.5,00:47:35.7,4.2,2851.52,2855.68
李小冉,65,00:47:32.6,00:47:35.7,3.0,2852.64,2855.68
李小冉,66,00:47:37.1,00:47:39.2,2.1,2857.12,2859.2
王濛,94,00:47:39.2,00:47:40.3,1.1,2859.2,2860.32
李小冉,67,00:47:39.4,00:47:39.7,0.3,2859.36,2859.68
唐艺昕,75,00:47:49.1,00:47:51.5,2.4,2869.12,2871.52
李小冉,68,00:47:49.1,00:48:03.5,14.4,2869.12,2883.52
淡淡,46,00:47:49.1,00:47:56.3,7.2,2869.12,2876.32
王濛,95,00:47:49.1,00:47:53.4,4.3,2869.12,2873.44
唐艺昕,76,00:47:54.7,00:47:56.6,1.9,2874.72,2876.64
淡淡,47,00:47:56.6,00:48:04.5,7.8,2876.64,2884.48
王濛,96,00:47:57.3,00:47:57.8,0.5,2877.28,2877.76
王濛,97,00:47:57.9,00:47:58.9,1.0,2877.92,2878.88
王濛,98,00:48:00.5,00:48:00.6,0.2,2880.48,2880.64
王濛,99,00:48:01.1,00:48:01.3,0.2,2881.12,2881.28
王濛,100,00:48:01.8,00:48:02.4,0.6,2881.76,2882.4
王濛,101,00:48:03.0,00:48:03.2,0.2,2883.04,2883.2
陈瑶,19,00:48:03.5,00:48:07.7,4.2,2883.52,2887.68
淡淡,48,00:48:05.0,00:48:09.0,4.0,2884.96,2888.96
唐艺昕,77,00:48:07.7,00:48:12.8,5.1,2887.68,2892.8
李小冉,69,00:48:07.7,00:48:24.3,16.6,2887.68,2904.32
王濛,102,00:48:07.7,00:48:08.2,0.5,2887.68,2888.16
王濛,103,00:48:09.1,00:48:20.8,11.7,2889.12,2900.8
淡淡,49,00:48:10.1,00:48:18.1,8.0,2890.08,2898.08
唐艺昕,78,00:48:13.0,00:48:14.4,1.4,2892.96,2894.4
唐艺昕,79,00:48:15.2,00:48:15.4,0.2,2895.2,2895.36
唐艺昕,80,00:48:15.5,00:48:25.8,10.2,2895.52,2905.76
淡淡,50,00:48:18.4,00:48:19.0,0.6,2898.4,2899.04
李小冉,70,00:48:24.5,00:48:24.8,0.3,2904.48,2904.8
李小冉,71,00:48:25.1,00:48:25.8,0.6,2905.12,2905.76
唐艺昕,81,00:48:29.6,00:48:31.4,1.8,2909.6,2911.36
李小冉,72,00:48:29.6,00:48:32.5,2.9,2909.6,2912.48
淡淡,51,00:48:29.6,00:48:33.0,3.4,2909.6,2912.96
唐艺昕,82,00:48:33.0,00:48:34.6,1.6,2912.96,2914.56
李小冉,73,00:48:33.0,00:48:34.2,1.3,2912.96,2914.24
李小冉,74,00:48:34.6,00:48:35.0,0.5,2914.56,2915.04
唐艺昕,83,00:48:34.7,00:48:39.4,4.6,2914.72,2919.36
李小冉,75,00:48:35.4,00:48:39.4,4.0,2915.36,2919.36
张月,46,00:48:37.8,00:48:39.7,1.9,2917.76,2919.68
唐艺昕,84,00:48:40.2,00:48:40.8,0.6,2920.16,2920.8
李小冉,76,00:48:40.3,00:48:41.0,0.6,2920.32,2920.96
唐艺昕,85,00:48:41.1,00:48:43.0,1.9,2921.12,2923.04
李小冉,77,00:48:41.3,00:48:43.0,1.8,2921.28,2923.04
张月,47,00:48:43.0,00:48:52.0,9.0,2923.04,2932.0
淡淡,52,00:48:43.0,00:48:49.8,6.7,2923.04,2929.76
陈瑶,20,00:48:43.0,00:49:13.3,30.2,2923.04,2953.28
淡淡,53,00:48:50.2,00:48:50.6,0.3,2930.24,2930.56
淡淡,54,00:48:50.7,00:48:54.6,3.8,2930.72,2934.56
淡淡,55,00:48:55.4,00:48:56.5,1.1,2935.36,2936.48
唐艺昕,86,00:48:56.5,00:49:46.2,49.8,2936.48,2986.24
张月,48,00:48:56.5,00:49:06.4,9.9,2936.48,2946.4
张月,49,00:49:06.9,00:49:13.6,6.7,2946.88,2953.6
陈瑶,21,00:49:14.1,00:49:15.4,1.3,2954.08,2955.36
张月,50,00:49:15.0,00:49:15.5,0.5,2955.04,2955.52
李小冉,78,00:49:15.4,00:49:45.9,30.6,2955.36,2985.92
张月,51,00:49:15.7,00:49:57.9,42.2,2955.68,2997.92
陈瑶,22,00:49:31.5,00:49:32.2,0.6,2971.52,2972.16
陈瑶,23,00:49:45.9,00:49:48.5,2.6,2985.92,2988.48
唐艺昕,87,00:49:50.6,00:49:51.7,1.1,2990.56,2991.68
淡淡,56,00:49:54.2,00:49:54.7,0.5,2994.24,2994.72
唐艺昕,88,00:49:55.2,00:49:55.8,0.6,2995.2,2995.84
唐艺昕,89,00:49:57.4,00:49:57.9,0.5,2997.44,2997.92
